,away_name,away_abbr,home_name,home_abbr,week,win_perc_dif,first_downs_dif,fumbles_dif,interceptions_dif,net_pass_yards_dif,pass_attempts_dif,pass_completions_dif,pass_touchdowns_dif,pass_yards_dif,penalties_dif,points_dif,rush_attempts_dif,rush_touchdowns_dif,rush_yards_dif,time_of_possession_dif,times_sacked_dif,total_yards_dif,turnovers_dif,yards_from_penalties_dif,yards_lost_from_sacks_dif,fourth_down_perc_dif,third_down_perc_dif,result
0,New York Giants,nyg,Washington Football Team,was,2,0.0,4.0,-2.0,0.0,121.0,16.0,8.0,0.0,132.0,-4.0,-3.0,-7.0,1.0,-66.0,55.0,1.0,55.0,0.0,-9.0,11.0,-0.6666666666666667,0.2,0.0
1,New Orleans Saints,nor,Carolina Panthers,car,2,0.0,4.0,-1.0,0.0,-119.0,-14.0,-9.0,4.0,-128.0,0.0,19.0,12.0,-1.0,60.0,196.0,-1.0,-59.0,-1.0,-2.0,-9.0,1.0,0.2142857142857143,0.0
2,Cincinnati Bengals,cin,Chicago Bears,chi,2,1.0,-4.0,-1.0,-1.0,29.0,-13.0,-9.0,2.0,45.0,0.0,13.0,10.0,-1.0,15.0,-23.0,2.0,44.0,-2.0,-20.0,16.0,0.6666666666666666,-0.24025974025974026,0.0
3,Houston Texans,htx,Cleveland Browns,cle,2,1.0,-2.0,-1.0,-1.0,-15.0,5.0,0.0,2.0,-30.0,0.0,8.0,15.0,-2.0,7.0,471.0,-1.0,-8.0,-2.0,20.0,-15.0,-0.75,0.2857142857142857,0.0
4,Los Angeles Rams,ram,Indianapolis Colts,clt,2,1.0,-5.0,-1.0,0.0,89.0,-12.0,-5.0,1.0,70.0,2.0,18.0,-7.0,1.0,-39.0,-661.0,-2.0,50.0,-1.0,20.0,-19.0,1.0,0.16083916083916078,1.0
5,Denver Broncos,den,Jacksonville Jaguars,jax,2,1.0,4.0,0.0,-3.0,-64.0,-15.0,0.0,-1.0,-68.0,-5.0,6.0,12.0,1.0,89.0,612.0,1.0,25.0,-2.0,-31.0,-4.0,0.0,0.19393939393939397,1.0
6,Buffalo Bills,buf,Miami Dolphins,mia,2,-1.0,6.0,4.0,-1.0,69.0,24.0,14.0,0.0,68.0,3.0,-1.0,2.0,-1.0,43.0,600.0,1.0,112.0,0.0,53.0,-1.0,0.3333333333333333,0.08080808080808077,1.0
7,New England Patriots,nwe,New York Jets,nyj,2,0.0,8.0,3.0,-1.0,61.0,2.0,9.0,-1.0,23.0,3.0,2.0,13.0,0.0,80.0,483.0,-5.0,141.0,1.0,54.0,-38.0,-0.5,0.3798076923076923,1.0
8,San Francisco 49ers,sfo,Philadelphia Eagles,phi,2,0.0,-3.0,0.0,0.0,50.0,-9.0,-9.0,-1.0,55.0,-7.0,9.0,-3.0,1.0,-42.0,-269.0,0.0,8.0,2.0,-10.0,5.0,0.0,-0.12820512820512825,1.0
9,Las Vegas Raiders,rai,Pittsburgh Steelers,pit,2,0.0,10.0,0.0,1.0,232.0,24.0,16.0,1.0,247.0,5.0,10.0,0.0,2.0,7.0,445.0,1.0,239.0,1.0,30.0,15.0,0.0,0.13333333333333336,1.0
10,Minnesota Vikings,min,Arizona Cardinals,crd,2,-1.0,2.0,0.0,-1.0,56.0,18.0,16.0,-2.0,73.0,4.0,-14.0,-11.0,0.0,-69.0,108.0,1.0,-13.0,0.0,57.0,17.0,1.0,-0.16346153846153844,0.0
11,Atlanta Falcons,atl,Tampa Bay Buccaneers,tam,2,-1.0,-5.0,-1.0,-2.0,-243.0,-15.0,-11.0,-4.0,-215.0,1.0,-25.0,12.0,0.0,72.0,205.0,3.0,-171.0,-4.0,-7.0,28.0,0.3333333333333333,-0.24025974025974026,0.0
12,Dallas Cowboys,dal,Los Angeles Chargers,sdg,2,-1.0,3.0,-1.0,0.0,57.0,11.0,11.0,2.0,66.0,2.0,9.0,-11.0,-1.0,-30.0,-96.0,-1.0,27.0,-1.0,-39.0,9.0,0.0,-0.2074303405572755,1.0
13,Tennessee Titans,oti,Seattle Seahawks,sea,2,-1.0,-1.0,1.0,1.0,-79.0,13.0,4.0,-3.0,-36.0,0.0,-15.0,-5.0,1.0,-54.0,146.0,3.0,-133.0,2.0,4.0,43.0,0.3333333333333333,-0.08730158730158727,1.0
14,Kansas City Chiefs,kan,Baltimore Ravens,rav,2,1.0,1.0,-4.0,0.0,107.0,6.0,8.0,2.0,102.0,0.0,6.0,-11.0,-1.0,-116.0,33.0,-1.0,-9.0,-2.0,-35.0,-5.0,-0.5,0.4423076923076923,0.0
15,Detroit Lions,det,Green Bay Packers,gnb,2,0.0,17.0,-1.0,-1.0,128.0,22.0,18.0,3.0,137.0,0.0,30.0,9.0,1.0,73.0,483.0,1.0,201.0,-2.0,12.0,9.0,-0.2666666666666666,0.16666666666666666,0.0
16,Carolina Panthers,car,Houston Texans,htx,3,0.5,3.5,-0.5,0.0,27.5,5.5,5.5,-0.5,33.0,-1.5,-6.5,-4.5,-0.5,-21.0,296.5,0.5,6.5,0.0,-20.5,5.5,0.0,-0.15763546798029554,1.0
17,Washington Football Team,was,Buffalo Bills,buf,3,0.0,-1.5,-1.5,0.0,14.0,-8.5,0.5,0.0,11.0,1.5,-2.5,-3.0,-1.0,-23.5,-285.0,-1.0,-9.5,-0.5,1.5,-3.0,0.5,-0.17952314165497896,0.0
18,Chicago Bears,chi,Cleveland Browns,cle,3,0.0,-3.0,-1.5,0.0,-116.0,7.5,2.0,0.0,-101.0,0.5,-13.0,0.0,-2.5,-26.0,128.5,1.0,-142.0,-0.5,6.5,15.0,-0.75,0.04807692307692307,0.0
19,Baltimore Ravens,rav,Detroit Lions,det,3,0.5,0.5,1.5,0.0,-51.5,-18.5,-13.5,-1.5,-55.0,-0.5,6.5,16.0,2.0,108.0,245.5,0.0,56.5,0.5,1.5,-3.5,0.38095238095238093,0.05797101449275366,1.0
21,Los Angeles Chargers,sdg,Kansas City Chiefs,kan,3,0.0,4.0,0.0,1.0,-10.0,10.5,5.5,-2.0,-2.5,4.0,-15.5,3.5,-0.5,25.0,306.0,1.0,15.0,1.0,55.5,7.5,1.0,0.08658743633276744,1.0
22,New Orleans Saints,nor,New England Patriots,nwe,3,0.0,-6.5,-2.5,1.0,-98.0,-13.0,-12.5,2.0,-102.5,1.5,2.0,1.0,-0.5,-3.5,-255.5,0.0,-101.5,0.0,6.5,-4.5,0.5,-0.16666666666666669,1.0
23,Atlanta Falcons,atl,New York Giants,nyg,3,0.0,-1.0,0.5,1.5,-26.5,7.0,6.0,0.0,-26.0,1.5,-5.5,-1.0,-0.5,-22.0,176.5,-1.0,-48.5,1.0,9.5,0.5,-0.047619047619047616,-0.10632183908045978,1.0
24,Indianapolis Colts,clt,Tennessee Titans,oti,3,-0.5,-2.5,-1.0,0.5,-7.0,-1.0,-1.0,1.0,-21.0,-3.5,-3.0,-3.0,-2.0,-38.0,-56.5,-1.5,-45.0,-0.5,-30.5,-14.0,-0.25,0.023809523809523836,0.0
25,Cincinnati Bengals,cin,Pittsburgh Steelers,pit,3,0.0,0.5,-0.5,1.0,-36.5,-7.5,-3.0,1.0,-7.5,-1.5,2.0,10.5,0.0,52.0,334.5,3.0,15.5,1.5,-1.5,29.0,0.5,-0.041666666666666685,1.0
26,New York Jets,nyj,Denver Broncos,den,3,-1.0,-6.0,0.0,2.5,-83.0,0.0,-7.5,-1.0,-62.0,-1.0,-15.0,-5.0,-0.5,-32.0,-396.0,2.5,-115.0,2.0,-22.5,21.0,-0.6,0.0,0.0
27,Miami Dolphins,mia,Las Vegas Raiders,rai,3,-0.5,-9.5,0.0,0.5,-222.5,-11.0,-10.5,-1.5,-216.5,-0.5,-21.0,-1.5,-0.5,5.5,-409.5,1.5,-217.0,1.5,4.5,6.0,-0.5,-0.014778325123152691,0.0
28,Seattle Seahawks,sea,Minnesota Vikings,min,3,0.5,-5.5,-1.0,0.0,-8.5,-14.0,-9.5,0.5,-4.5,1.0,0.5,-2.0,0.5,-13.5,-491.0,1.0,-22.0,0.0,10.5,4.0,-1.0,0.07326007326007322,0.0
29,Tampa Bay Buccaneers,tam,Los Angeles Rams,ram,3,0.0,3.0,1.0,0.5,28.0,15.0,8.5,2.0,28.0,7.0,9.0,-8.5,-1.0,-20.5,-36.0,0.5,7.5,1.5,69.0,0.0,0.0,-0.05869565217391304,0.0
30,Green Bay Packers,gnb,San Francisco 49ers,sfo,3,-0.5,-2.5,-1.5,1.0,-43.5,3.0,1.0,0.5,-26.0,-1.0,-10.0,-10.0,-1.0,-54.5,-79.0,2.0,-98.0,0.5,-28.0,17.5,-0.33333333333333337,-0.07551487414187646,1.0
31,Philadelphia Eagles,phi,Dallas Cowboys,dal,3,0.0,-6.5,0.5,-1.0,-87.0,-13.0,-13.0,0.0,-93.0,3.0,-3.0,5.5,0.0,33.0,-221.0,0.0,-54.0,-1.0,7.5,-6.0,0.0,-0.11555555555555558,0.0
32,Jacksonville Jaguars,jax,Cincinnati Bengals,cin,4,-0.6666666666666666,1.9999999999999982,1.3333333333333335,1.0000000000000002,22.333333333333314,14.333333333333336,3.6666666666666643,-0.6666666666666667,9.666666666666657,1.333333333333333,-5.0,-6.333333333333336,0.0,-1.3333333333333428,-299.3333333333335,-1.6666666666666667,21.0,1.3333333333333333,10.333333333333336,-12.666666666666666,0.5,-0.06060606060606061,0.0
33,Washington Football Team,was,Atlanta Falcons,atl,4,0.0,-1.0,0.6666666666666667,0.0,3.0,-9.333333333333332,-7.0,0.3333333333333335,-8.0,0.0,6.333333333333332,2.666666666666668,0.3333333333333333,14.333333333333329,-280.66666666666674,-1.3333333333333335,17.33333333333337,0.3333333333333335,-0.3333333333333286,-11.0,0.5142857142857142,-0.06862745098039219,1.0
34,Houston Texans,htx,Buffalo Bills,buf,4,-0.3333333333333333,-6.333333333333332,-0.33333333333333326,0.0,-41.333333333333314,-12.666666666666664,-7.333333333333336,-0.6666666666666667,-40.66666666666666,0.666666666666667,-9.0,-0.6666666666666643,-0.33333333333333326,-32.66666666666666,-262.0,0.6666666666666667,-74.0,-0.33333333333333337,5.0,0.6666666666666661,-0.39999999999999997,-0.0444664031620553,0.0
35,Detroit Lions,det,Chicago Bears,chi,4,-0.3333333333333333,8.666666666666666,-0.33333333333333337,0.0,156.66666666666669,13.333333333333336,12.0,1.3333333333333335,133.66666666666666,1.666666666666667,8.999999999999998,-1.0,0.33333333333333337,4.666666666666671,111.33333333333348,-3.0,161.33333333333334,0.0,1.3333333333333286,-22.999999999999996,0.2857142857142857,-0.0007949125596184436,0.0
36,Carolina Panthers,car,Dallas Cowboys,dal,4,0.33333333333333337,-2.6666666666666643,0.0,-0.3333333333333333,7.333333333333371,-1.3333333333333357,-4.333333333333336,-1.0,3.3333333333333144,-0.3333333333333339,-7.0,1.0,0.3333333333333335,-33.66666666666667,143.00000000000023,-0.3333333333333335,-26.33333333333337,-0.33333333333333337,-5.666666666666664,-4.0,-0.3333333333333333,-0.11346153846153845,0.0
37,Indianapolis Colts,clt,Miami Dolphins,mia,4,-0.3333333333333333,4.333333333333332,-1.0,0.0,37.33333333333334,-3.0,-2.333333333333332,0.6666666666666667,39.33333333333334,-4.333333333333333,3.666666666666668,1.3333333333333357,-0.6666666666666667,10.333333333333329,143.0,-0.666666666666667,47.66666666666663,-0.33333333333333326,-24.0,2.0,-0.041666666666666685,-0.021867612293144212,1.0
38,Cleveland Browns,cle,Minnesota Vikings,min,4,0.3333333333333333,-0.6666666666666679,0.3333333333333335,0.6666666666666666,-61.66666666666666,-13.333333333333332,-10.0,-2.0,-49.666666666666686,-0.6666666666666661,-0.33333333333333215,6.333333333333332,2.333333333333333,46.66666666666666,54.0,1.3333333333333333,-15.0,1.0,6.0,12.000000000000002,-0.4285714285714286,-0.0007575757575757347,1.0
39,New York Giants,nyg,New Orleans Saints,nor,4,-0.6666666666666666,4.666666666666666,1.3333333333333333,-0.6666666666666666,129.0,13.333333333333332,9.666666666666668,-1.666666666666667,130.66666666666669,1.333333333333334,-5.666666666666664,-6.333333333333332,0.33333333333333337,-12.666666666666657,-8.333333333333258,0.33333333333333304,116.33333333333331,0.0,5.333333333333329,1.6666666666666679,-0.16666666666666669,0.06501547987616108,1.0
40,Tennessee Titans,oti,New York Jets,nyj,4,0.6666666666666666,9.666666666666668,1.0,-1.3333333333333335,53.33333333333334,-0.6666666666666643,3.0,0.6666666666666666,44.66666666666666,-2.0,17.0,12.666666666666668,1.3333333333333333,79.33333333333334,365.66666666666674,-1.6666666666666665,132.66666666666669,0.0,-23.66666666666667,-8.666666666666668,0.11428571428571427,0.09166666666666667,0.0
41,Kansas City Chiefs,kan,Philadelphia Eagles,phi,4,0.0,7.333333333333332,0.33333333333333326,0.33333333333333337,59.0,4.333333333333336,4.666666666666668,1.3333333333333333,53.333333333333314,-6.333333333333333,9.333333333333336,-0.33333333333333215,0.0,-22.333333333333343,163.0,-0.3333333333333335,36.666666666666686,1.3333333333333335,-31.33333333333333,-5.666666666666667,0.0,0.1463187325256291,1.0
42,Arizona Cardinals,crd,Los Angeles Rams,ram,4,0.0,1.6666666666666679,0.0,1.0,18.0,2.666666666666668,4.0,-0.6666666666666665,21.0,4.333333333333334,2.666666666666668,2.666666666666668,1.0,26.33333333333333,294.33333333333326,0.6666666666666667,44.333333333333314,0.6666666666666666,34.0,3.0,0.5,-0.1880184331797235,1.0
43,Seattle Seahawks,sea,San Francisco 49ers,sfo,4,-0.3333333333333333,-4.666666666666664,-1.6666666666666667,-0.3333333333333333,37.66666666666666,-3.333333333333332,-0.6666666666666679,0.6666666666666667,43.333333333333314,1.666666666666667,-3.666666666666668,-8.0,-0.6666666666666667,2.6666666666666714,-405.6666666666665,0.9999999999999998,40.333333333333314,-1.0,-12.333333333333336,5.666666666666666,-1.0,-0.0912778904665314,1.0
44,Baltimore Ravens,rav,Denver Broncos,den,4,-0.33333333333333337,-1.0,1.3333333333333335,1.0,-20.666666666666657,-2.666666666666668,-6.666666666666664,-0.33333333333333326,-22.00000000000003,-0.666666666666667,2.0,0.6666666666666679,0.6666666666666667,58.33333333333334,-282.33333333333326,0.33333333333333304,37.666666666666686,1.0,-2.3333333333333286,-1.3333333333333321,-0.25,-0.04832104832104828,1.0
45,Pittsburgh Steelers,pit,Green Bay Packers,gnb,4,-0.3333333333333333,-2.0,0.33333333333333337,0.33333333333333337,33.33333333333334,11.666666666666668,6.0,-1.0,28.0,1.0,-6.0,-7.0,-0.3333333333333333,-26.66666666666667,-24.666666666666742,0.6666666666666665,6.666666666666629,0.0,-7.333333333333329,-5.333333333333334,-0.5,0.05193798449612402,0.0
46,Tampa Bay Buccaneers,tam,New England Patriots,nwe,4,0.3333333333333333,5.0,0.33333333333333326,-0.33333333333333337,123.66666666666669,7.0,5.333333333333336,2.666666666666667,116.66666666666666,3.0,16.333333333333336,-7.666666666666668,0.0,-35.333333333333336,-198.33333333333348,0.0,88.33333333333331,0.0,20.66666666666667,-7.000000000000002,-0.16666666666666663,-0.03014184397163122,1.0
47,Las Vegas Raiders,rai,Los Angeles Chargers,sdg,4,0.33333333333333337,1.3333333333333321,0.6666666666666667,-0.33333333333333337,72.33333333333337,3.3333333333333357,0.0,0.0,82.33333333333331,-0.9999999999999991,7.666666666666668,3.666666666666668,0.6666666666666667,4.0,255.99999999999977,0.9999999999999998,76.33333333333331,-0.6666666666666666,-12.333333333333329,9.999999999999998,-0.6666666666666667,-0.08250276854928024,0.0
48,Los Angeles Rams,ram,Seattle Seahawks,sea,5,0.25,3.75,0.0,0.5,55.0,6.5,3.25,0.5,44.5,-3.5,3.0,2.0,-0.75,-14.0,133.0,-2.0,41.0,0.75,-31.0,-10.5,0.3333333333333333,0.21014492753623187,1.0
49,New York Jets,nyj,Atlanta Falcons,atl,5,0.0,-4.75,0.0,1.25,-33.0,-5.5,-7.25,-1.0,-16.25,-0.25,-7.75,-2.0,0.0,-10.25,-109.25,2.0,-43.25,1.0,12.5,16.75,0.0,-0.05530253741054003,0.0
50,Philadelphia Eagles,phi,Carolina Panthers,car,5,-0.5,-3.5,0.25,-0.25,-5.25,0.0,-0.75,0.5,-5.5,4.75,-0.75,-6.5,-1.0,15.25,-433.75,-0.75,10.0,-0.5,24.5,-0.25,-0.45714285714285713,0.0323450134770889,1.0
51,Green Bay Packers,gnb,Cincinnati Bengals,cin,5,0.0,4.0,0.5,-0.5,-2.0,6.0,1.75,-0.25,-5.75,-0.75,0.75,0.5,0.25,-5.5,63.75,-0.5,-7.5,-0.25,-1.0,-3.75,-0.09999999999999998,0.06666666666666665,1.0
52,New England Patriots,nwe,Houston Texans,htx,5,0.0,4.5,-0.25,-0.25,63.0,12.75,11.25,-0.25,71.0,-1.25,1.0,-6.25,-0.25,-14.0,178.25,0.25,48.5,0.0,-8.5,8.0,0.3333333333333333,-0.00438005390835583,1.0
53,Tennessee Titans,oti,Jacksonville Jaguars,jax,5,0.5,7.75,-0.25,-1.0,21.5,2.5,4.0,0.0,46.75,0.25,5.25,11.25,0.25,51.5,631.25,2.75,73.0,-0.5,5.5,25.25,-0.30000000000000004,0.03954802259887008,1.0
54,Detroit Lions,det,Minnesota Vikings,min,5,-0.25,1.25,0.25,0.25,-19.5,1.0,0.25,-0.5,-8.0,-0.25,-3.25,-2.75,0.5,-10.5,3.5,0.75,-30.0,0.75,-7.5,11.5,-0.3,-0.059523809523809534,0.0
55,Denver Broncos,den,Pittsburgh Steelers,pit,5,0.5,3.25,-0.5,-0.75,-14.5,-9.5,-4.25,0.25,-7.0,0.0,4.0,11.5,0.25,66.5,354.5,0.5,52.0,-0.5,11.25,7.5,1.0,-0.09368191721132896,0.0
56,Miami Dolphins,mia,Tampa Bay Buccaneers,tam,5,-0.5,-7.5,0.5,0.0,-152.0,-8.5,-6.5,-1.75,-139.5,-1.75,-15.0,2.0,0.0,6.0,-103.0,1.5,-146.0,0.25,-23.25,12.5,0.0,-0.07429467084639496,0.0
57,New Orleans Saints,nor,Washington Football Team,was,5,0.0,-2.75,-1.25,0.0,-94.75,-8.5,-6.75,0.0,-87.0,-1.0,-1.75,7.75,0.25,29.5,307.5,0.75,-65.25,-0.5,-14.75,7.75,-0.3142857142857143,0.14448292924294903,1.0
58,Chicago Bears,chi,Las Vegas Raiders,rai,5,-0.25,-5.75,-0.75,0.0,-211.75,-17.25,-12.0,-1.75,-197.5,-1.75,-10.0,3.25,0.5,42.25,-252.75,1.0,-169.5,0.25,-12.25,14.25,-0.19047619047619047,-0.13968253968253969,1.0
59,Cleveland Browns,cle,Los Angeles Chargers,sdg,5,0.0,-1.25,0.5,-0.25,-71.25,-13.0,-9.75,-1.75,-60.75,-2.25,1.25,9.0,1.75,69.5,123.25,1.25,-1.75,0.0,-21.25,10.5,-0.30000000000000004,-0.07914438502673798,0.0
60,San Francisco 49ers,sfo,Arizona Cardinals,crd,5,-0.5,0.0,0.75,-0.5,-42.75,0.75,-3.5,-0.25,-46.5,-0.75,-8.25,-2.0,-0.5,-22.0,-154.5,-0.25,-64.75,0.5,20.75,-3.75,-0.19999999999999996,-0.05681818181818182,0.0
61,New York Giants,nyg,Dallas Cowboys,dal,5,-0.5,-6.0,0.25,-0.25,27.5,2.75,-1.0,-1.5,29.5,-0.25,-10.75,-7.25,-0.25,-64.25,-132.5,0.25,-36.75,0.0,-2.75,2.0,-0.16666666666666669,-0.07142857142857145,0.0
62,Buffalo Bills,buf,Kansas City Chiefs,kan,5,0.25,-2.25,1.0,-0.5,-38.5,4.5,-0.25,-1.25,-38.5,-0.25,0.0,6.25,0.75,15.0,231.0,0.0,-23.5,-0.75,2.5,0.0,0.42857142857142855,-0.14102564102564108,1.0
63,Indianapolis Colts,clt,Baltimore Ravens,rav,5,-0.5,-0.5,-0.75,-0.25,-41.5,4.75,3.75,0.25,-33.0,-2.0,-5.5,-5.0,-1.0,-52.5,23.75,-0.25,-94.0,-0.25,-14.25,8.5,-0.32142857142857145,0.03254901960784312,0.0
64,Tampa Bay Buccaneers,tam,Philadelphia Eagles,phi,6,0.4,5.599999999999998,-0.19999999999999996,-0.19999999999999996,93.19999999999999,9.0,6.799999999999997,1.6,88.60000000000002,-2.0,10.399999999999999,-2.0,-0.19999999999999996,-34.400000000000006,211.79999999999995,-0.19999999999999996,58.799999999999955,0.19999999999999996,2.0,-4.600000000000001,0.375,0.08162267839687204,1.0
65,Miami Dolphins,mia,Jacksonville Jaguars,jax,6,0.2,-3.1999999999999993,0.40000000000000013,-1.0,-25.799999999999983,2.799999999999997,3.1999999999999993,-0.19999999999999996,-14.599999999999994,1.0,-2.8000000000000007,-5.399999999999999,-0.6,-59.0,16.59999999999991,1.6,-84.80000000000001,-0.6000000000000001,2.6000000000000014,11.200000000000001,-0.125,0.02657342657342654,0.0
66,Minnesota Vikings,min,Carolina Panthers,car,6,-0.19999999999999996,-1.3999999999999986,0.19999999999999996,-0.7999999999999999,13.400000000000006,1.7999999999999972,2.8000000000000007,0.8,8.199999999999989,-0.20000000000000018,-0.3999999999999986,-2.599999999999998,-1.2,6.0,-222.39999999999986,-0.9999999999999998,19.400000000000034,-0.5999999999999999,7.200000000000003,-5.200000000000001,0.0,0.008951406649616356,1.0
67,Green Bay Packers,gnb,Chicago Bears,chi,6,0.20000000000000007,3.8000000000000007,-0.4,0.0,133.8,9.600000000000001,7.599999999999998,1.6,116.20000000000002,-1.7999999999999998,7.199999999999999,-4.600000000000001,-0.6,-26.200000000000003,118.20000000000005,-1.4,107.60000000000002,0.19999999999999996,-16.0,-17.599999999999998,0.2571428571428571,0.10098522167487689,1.0
68,Houston Texans,htx,Indianapolis Colts,clt,6,0.0,-8.000000000000002,0.8,0.6,-46.39999999999998,-7.600000000000001,-5.0,0.20000000000000018,-52.39999999999998,3.3999999999999995,-3.8000000000000007,-1.0,0.0,-34.400000000000006,-310.4000000000001,0.0,-80.79999999999995,0.6000000000000001,22.199999999999996,-6.0,0.16666666666666674,0.02446782481037435,0.0
69,Cincinnati Bengals,cin,Detroit Lions,det,6,0.6,-6.399999999999999,-1.0,0.6,-1.799999999999983,-10.399999999999999,-5.399999999999999,0.8000000000000003,-6.800000000000011,-0.5999999999999996,3.1999999999999993,1.3999999999999986,-0.20000000000000007,-4.0,20.59999999999991,0.0,-5.800000000000011,0.0,1.2000000000000028,-5.0,0.39393939393939403,0.05145278450363194,1.0
70,Los Angeles Rams,ram,New York Giants,nyg,6,0.6000000000000001,1.4000000000000021,-0.3999999999999999,0.0,25.399999999999977,-2.200000000000003,0.0,1.4,21.799999999999955,-2.8000000000000003,7.599999999999998,1.6000000000000014,-0.19999999999999996,2.200000000000003,-30.59999999999991,-0.8,27.599999999999966,0.0,-15.799999999999997,-3.6000000000000005,0.0,0.07891705069124433,1.0
71,Los Angeles Chargers,sdg,Baltimore Ravens,rav,6,0.0,1.6000000000000014,-0.3999999999999999,0.0,11.199999999999989,8.200000000000003,5.400000000000002,1.0,11.399999999999977,1.2000000000000002,1.1999999999999993,-5.0,-0.19999999999999996,-40.400000000000006,-119.0,-0.8,-29.200000000000045,-0.19999999999999996,14.600000000000009,0.1999999999999993,0.125,0.14046653144016225,0.0
72,Kansas City Chiefs,kan,Washington Football Team,was,6,0.0,6.199999999999999,0.3999999999999999,0.19999999999999996,52.79999999999998,6.0,6.0,1.6,53.80000000000001,-0.5999999999999996,6.199999999999999,-1.8000000000000007,-0.4,19.39999999999999,123.40000000000009,0.19999999999999996,72.19999999999999,0.8000000000000003,-11.600000000000001,1.0,-0.6,0.28315054835493525,1.0
73,Arizona Cardinals,crd,Cleveland Browns,cle,6,0.4,-0.7999999999999972,0.40000000000000013,0.4,55.19999999999999,4.0,5.400000000000002,1.2,54.39999999999998,0.39999999999999947,3.0,-4.800000000000001,-0.7999999999999998,-59.599999999999994,-149.80000000000018,-0.6000000000000001,-4.400000000000034,0.19999999999999996,-11.600000000000001,-0.8000000000000007,0.5454545454545454,0.010582010582010581,1.0
74,Las Vegas Raiders,rai,Denver Broncos,den,6,0.0,0.8000000000000007,0.9999999999999999,0.4,59.19999999999999,7.0,3.0,0.20000000000000018,62.39999999999998,1.5999999999999996,2.200000000000003,-1.8000000000000007,0.20000000000000007,-40.0,-37.0,0.20000000000000018,19.19999999999999,0.0,10.400000000000006,3.200000000000003,-0.5555555555555556,0.1285714285714285,1.0
75,Dallas Cowboys,dal,New England Patriots,nwe,6,0.4,6.799999999999997,0.0,-0.4,27.0,-5.199999999999996,-2.799999999999997,1.6,20.399999999999977,0.7999999999999998,14.8,10.8,0.6,92.4,101.59999999999991,-0.40000000000000013,119.80000000000001,-0.8,0.8000000000000043,-6.600000000000001,-0.16666666666666674,0.08329321136254214,1.0
76,Seattle Seahawks,sea,Pittsburgh Steelers,pit,6,0.0,0.3999999999999986,-0.19999999999999996,-0.4,1.0,-10.600000000000001,-4.800000000000001,1.0000000000000002,8.199999999999989,-0.7999999999999998,5.199999999999999,3.0,0.4,30.400000000000006,-237.0,0.3999999999999999,31.399999999999977,-0.6,-1.2000000000000028,7.199999999999999,0.0,-0.09245516388373537,0.0
77,Buffalo Bills,buf,Tennessee Titans,oti,6,0.20000000000000007,-1.7999999999999972,0.8,-0.19999999999999996,48.599999999999994,2.200000000000003,1.0,1.2,24.400000000000006,0.20000000000000018,8.0,-3.1999999999999993,-0.20000000000000018,-27.400000000000006,-148.0,-3.0,21.19999999999999,-0.5999999999999999,5.799999999999997,-24.2,-0.12698412698412698,0.10703933747412003,0.0
78,Denver Broncos,den,Cleveland Browns,cle,7,0.0,-1.1666666666666679,-0.8333333333333333,0.33333333333333337,23.0,7.166666666666668,5.666666666666668,0.6666666666666667,24.50000000000003,-0.3333333333333339,-5.0,-6.833333333333336,-1.5,-51.0,-10.333333333333485,0.16666666666666652,-28.0,0.16666666666666652,-13.499999999999993,1.5,0.35,-0.08486034513431778,0.0
79,Washington Football Team,was,Green Bay Packers,gnb,7,-0.5,-1.0,0.5,0.5,-4.166666666666657,1.8333333333333357,0.0,-0.5,-16.833333333333314,2.333333333333333,-1.3333333333333321,-0.5,0.16666666666666674,-3.1666666666666714,-214.66666666666674,-1.3333333333333335,-7.333333333333314,0.6666666666666666,14.166666666666671,-12.666666666666668,0.09999999999999998,-0.06378424657534243,0.0
80,Atlanta Falcons,atl,Miami Dolphins,mia,7,0.23333333333333336,4.266666666666669,-0.26666666666666683,-0.06666666666666665,34.93333333333334,1.8999999999999986,2.5333333333333314,0.8333333333333333,28.566666666666634,0.09999999999999964,4.5,5.433333333333334,-0.09999999999999998,19.5,242.33333333333326,-1.0666666666666664,54.43333333333334,-0.30000000000000004,5.100000000000001,-6.366666666666667,-0.12500000000000006,0.06808943089430891,1.0
81,New York Jets,nyj,New England Patriots,nwe,7,-0.1333333333333333,-3.566666666666668,-0.33333333333333326,0.8,-42.66666666666666,-1.2999999999999972,-5.733333333333331,-0.3666666666666667,-29.433333333333337,1.0,-7.433333333333332,-1.8666666666666671,-0.2333333333333334,-13.0,-96.5,1.4333333333333336,-55.333333333333314,-0.033333333333333215,10.833333333333336,13.23333333333333,-0.3809523809523809,-0.040100250626566414,0.0
82,Carolina Panthers,car,New York Giants,nyg,7,0.33333333333333337,2.0,-0.5,0.16666666666666674,-26.49999999999997,-1.6666666666666643,-1.5,0.33333333333333337,-24.5,0.666666666666667,4.833333333333332,5.333333333333332,0.33333333333333326,19.66666666666667,293.6666666666665,1.0,-6.833333333333371,0.16666666666666674,-0.3333333333333357,1.9999999999999982,0.2142857142857143,-0.02662337662337655,0.0
83,Kansas City Chiefs,kan,Tennessee Titans,oti,7,-0.16666666666666663,3.666666666666668,0.6666666666666666,0.6666666666666666,88.0,6.5,6.333333333333332,2.0,69.0,-0.5,3.1666666666666643,-6.666666666666668,-1.1666666666666665,-39.16666666666666,-161.83333333333348,-1.6666666666666667,48.833333333333314,1.0000000000000002,-12.166666666666671,-19.0,-0.26666666666666666,0.2154411764705882,0.0
84,Cincinnati Bengals,cin,Baltimore Ravens,rav,7,-0.16666666666666674,-6.333333333333332,-1.1666666666666667,0.33333333333333337,-28.166666666666657,-3.166666666666668,-1.1666666666666643,1.0,-23.166666666666686,-1.0,-3.6666666666666643,-4.666666666666668,-1.0,-48.999999999999986,-114.0,0.0,-77.16666666666669,0.0,-14.666666666666664,5.0,0.0,0.02859381120250687,1.0
85,Philadelphia Eagles,phi,Las Vegas Raiders,rai,7,-0.3333333333333333,-1.0,-0.16666666666666652,0.0,-72.99999999999997,-3.8333333333333286,-3.1666666666666643,-0.3333333333333335,-77.66666666666666,1.333333333333333,-1.6666666666666679,-2.0,0.16666666666666674,33.83333333333334,-306.83333333333326,-0.8333333333333335,-39.166666666666686,0.16666666666666674,-3.000000000000007,-4.666666666666666,-0.1111111111111111,-0.01851851851851849,0.0
86,Detroit Lions,det,Los Angeles Rams,ram,7,-0.8333333333333334,0.16666666666666785,0.0,-0.16666666666666674,-68.33333333333334,6.166666666666671,3.333333333333332,-1.4999999999999998,-55.49999999999997,2.166666666666667,-11.666666666666664,-4.166666666666668,0.0,-11.666666666666671,22.5,1.5,-80.0,0.16666666666666652,10.833333333333336,12.833333333333334,-0.3589743589743589,-0.10426439232409374,0.0
87,Houston Texans,htx,Arizona Cardinals,crd,7,-0.8333333333333334,-7.499999999999998,-0.5,0.5000000000000001,-65.16666666666666,-2.0,-4.166666666666668,-1.0000000000000002,-68.83333333333334,0.8333333333333339,-17.0,-5.166666666666664,-0.8333333333333333,-43.499999999999986,-262.33333333333326,0.3333333333333335,-108.66666666666669,0.9999999999999999,7.833333333333336,-3.666666666666666,-0.3749999999999999,0.005693581780538359,0.0
88,Chicago Bears,chi,Tampa Bay Buccaneers,tam,7,-0.33333333333333337,-8.0,0.0,0.16666666666666663,-223.5,-20.166666666666668,-16.0,-2.3333333333333335,-200.49999999999997,-1.5,-16.166666666666668,6.833333333333336,0.16666666666666674,43.66666666666667,-173.5,2.1666666666666665,-179.83333333333334,-0.16666666666666663,-22.0,23.0,-0.17777777777777776,-0.16033755274261602,0.0
89,Indianapolis Colts,clt,San Francisco 49ers,sfo,7,-0.06666666666666671,-1.0666666666666664,-0.7333333333333333,-0.26666666666666666,-2.866666666666646,-0.20000000000000284,0.3999999999999986,-0.10000000000000009,5.866666666666674,-2.2,-0.23333333333333073,-2.3000000000000007,-0.3666666666666666,2.1666666666666714,7.066666666666833,0.5333333333333334,-0.6999999999999886,-0.5666666666666665,-31.26666666666666,8.733333333333333,0.05555555555555558,0.02434948675101456,1.0
90,New Orleans Saints,nor,Seattle Seahawks,sea,7,0.26666666666666666,-1.1333333333333329,-0.9666666666666668,0.46666666666666673,-63.93333333333334,-5.0,-5.9,0.3999999999999999,-75.19999999999999,0.16666666666666696,2.0666666666666664,7.366666666666667,0.0,15.133333333333326,240.06666666666683,-1.2,-48.80000000000001,0.33333333333333337,2.5333333333333385,-11.266666666666667,0.5,0.1031656302996043,1.0
91,Green Bay Packers,gnb,Arizona Cardinals,crd,8,-0.1428571428571429,-2.2857142857142847,-1.1428571428571428,-0.28571428571428575,-29.714285714285694,0.7142857142857117,-1.1428571428571423,-0.2857142857142856,-32.0,-2.2857142857142856,-8.142857142857146,-7.571428571428573,-0.7142857142857144,-34.571428571428584,-112.14285714285711,0.1428571428571428,-64.28571428571433,0.0,-12.714285714285715,-2.2857142857142847,-0.4285714285714286,-0.02339181286549713,1.0
92,Carolina Panthers,car,Atlanta Falcons,atl,8,-0.07142857142857145,-0.6428571428571423,-0.47619047619047616,0.47619047619047616,-40.190476190476176,-3.595238095238095,-5.380952380952383,-1.0,-32.571428571428584,0.7142857142857144,-1.6428571428571423,2.5476190476190474,0.6428571428571428,14.023809523809533,113.11904761904748,1.9285714285714284,-26.166666666666686,0.23809523809523814,-5.88095238095238,7.619047619047619,0.26136363636363635,-0.14303405572755423,1.0
93,Miami Dolphins,mia,Buffalo Bills,buf,8,-0.5238095238095237,-5.619047619047617,-0.23809523809523814,0.3571428571428571,-52.4047619047619,0.9047619047619051,1.404761904761905,-0.9285714285714286,-43.23809523809527,-0.23809523809523814,-15.690476190476193,-9.26190476190476,-0.7380952380952381,-50.52380952380952,-253.42857142857133,1.0952380952380951,-102.92857142857144,0.738095238095238,-9.92857142857143,9.166666666666668,0.125,-0.08064516129032262,0.0
94,San Francisco 49ers,sfo,Chicago Bears,chi,8,-0.09523809523809523,3.261904761904759,0.23809523809523814,-0.16666666666666663,108.90476190476191,6.309523809523807,3.833333333333332,1.0714285714285714,88.1904761904762,0.33333333333333304,8.071428571428571,-1.1428571428571423,0.16666666666666674,-10.833333333333329,57.5,-1.8809523809523812,98.07142857142858,0.40476190476190466,27.83333333333333,-20.714285714285715,0.30000000000000004,0.0017857142857142794,1.0
95,Pittsburgh Steelers,pit,Cleveland Browns,cle,8,-0.0714285714285714,-3.619047619047617,-0.1428571428571428,0.23809523809523808,19.666666666666657,9.309523809523807,5.785714285714285,0.16666666666666674,12.642857142857139,-0.666666666666667,-5.214285714285715,-10.595238095238098,-1.1904761904761907,-89.26190476190474,-187.2619047619046,-0.7142857142857144,-69.59523809523813,0.16666666666666674,-23.214285714285708,-7.023809523809524,-0.4375,0.004545454545454519,1.0
96,Tennessee Titans,oti,Indianapolis Colts,clt,8,0.28571428571428575,3.1428571428571423,-0.4285714285714285,0.4285714285714286,-2.5714285714285836,1.0,1.142857142857146,-0.4285714285714286,4.0,2.0,3.4285714285714306,5.285714285714288,0.8571428571428572,27.857142857142847,158.71428571428578,0.8571428571428572,25.285714285714278,0.2857142857142858,13.857142857142861,6.571428571428573,0.0,0.0356777493606138,1.0
97,Philadelphia Eagles,phi,Detroit Lions,det,8,0.2857142857142857,-2.0,0.5714285714285715,-0.2857142857142857,-5.142857142857139,-4.714285714285715,-4.857142857142858,0.2857142857142858,-10.571428571428584,1.8571428571428577,4.428571428571431,-0.1428571428571459,0.4285714285714285,18.428571428571416,-220.8571428571429,-0.4285714285714284,13.285714285714278,-0.4285714285714286,7.285714285714285,-5.428571428571431,-0.041666666666666685,0.05882352941176461,1.0
98,Los Angeles Rams,ram,Houston Texans,htx,8,0.7142857142857142,7.571428571428571,-0.5714285714285715,-0.2857142857142857,107.2857142857143,4.0,3.571428571428573,1.5714285714285716,101.28571428571428,-3.2857142857142856,15.714285714285715,1.2857142857142847,0.28571428571428575,14.714285714285722,44.85714285714289,-1.2857142857142856,122.0,-0.7142857142857142,-27.571428571428577,-6.0,0.0714285714285714,0.07293814432989698,1.0
99,Cincinnati Bengals,cin,New York Jets,nyj,8,0.5476190476190477,1.7142857142857153,-0.5714285714285714,-0.6904761904761905,62.38095238095238,-5.071428571428573,0.33333333333333215,1.7380952380952381,52.0952380952381,-2.3809523809523814,13.666666666666666,6.404761904761905,0.04761904761904767,34.85714285714286,204.90476190476193,-0.9047619047619051,97.23809523809524,-0.7142857142857142,-21.595238095238095,-10.285714285714285,0.47777777777777775,-0.017090139140955918,0.0
100,New England Patriots,nwe,Los Angeles Chargers,sdg,8,-0.23809523809523808,-2.0,0.3095238095238094,0.19047619047619047,-23.26190476190476,-4.88095238095238,-1.1190476190476168,-0.9047619047619049,-19.73809523809524,-1.166666666666667,0.9047619047619051,0.8333333333333321,0.45238095238095244,1.0476190476190368,33.85714285714289,0.16666666666666674,-22.5,0.5714285714285714,-12.857142857142854,3.5238095238095237,0.08333333333333337,-0.006818181818181779,1.0
101,Jacksonville Jaguars,jax,Seattle Seahawks,sea,8,-0.11904761904761904,1.9523809523809526,0.33333333333333326,1.0476190476190474,15.73809523809524,8.0,2.2142857142857153,-0.6904761904761905,0.8809523809523796,-0.023809523809523725,-2.095238095238095,-0.928571428571427,0.30952380952380965,14.11904761904762,7.928571428571331,-1.6190476190476188,29.857142857142833,1.4285714285714286,0.5952380952380949,-14.857142857142858,0.6363636363636365,-0.001635657329789375,0.0
102,Washington Football Team,was,Denver Broncos,den,8,-0.14285714285714285,0.571428571428573,1.0,0.1428571428571429,-10.428571428571416,-1.5714285714285694,-2.8571428571428577,-0.2857142857142856,-20.428571428571445,0.4285714285714288,0.8571428571428577,2.2857142857142847,0.28571428571428575,12.42857142857143,-171.42857142857133,-1.5714285714285714,2.0,0.2857142857142856,4.142857142857139,-10.0,-0.2692307692307693,0.02705627705627711,0.0
103,Tampa Bay Buccaneers,tam,New Orleans Saints,nor,8,0.19047619047619047,8.166666666666668,0.6428571428571428,-0.23809523809523808,148.11904761904762,18.309523809523814,14.380952380952381,0.8333333333333335,145.33333333333334,0.6904761904761898,9.952380952380953,-7.595238095238095,0.16666666666666663,-21.35714285714286,91.61904761904748,-0.5476190476190474,126.76190476190476,0.0,12.714285714285708,-2.7857142857142865,-0.19642857142857156,0.0922457823866275,0.0
104,Dallas Cowboys,dal,Minnesota Vikings,min,8,0.33333333333333337,5.0,0.0,0.3333333333333333,10.166666666666686,-3.8333333333333357,-1.3333333333333321,0.5,9.166666666666629,0.5,9.666666666666664,4.0000000000000036,0.6666666666666667,36.500000000000014,29.833333333333258,0.0,46.66666666666663,0.33333333333333337,0.8333333333333428,-1.0,-0.09999999999999998,0.0666666666666666,1.0
105,New York Giants,nyg,Kansas City Chiefs,kan,8,-0.14285714285714285,-6.142857142857142,-0.2857142857142856,-0.4285714285714287,-40.57142857142861,-3.5714285714285694,-4.0,-1.7142857142857144,-33.71428571428572,0.0,-7.0,0.2857142857142847,0.2857142857142857,-26.42857142857143,-35.0,0.0,-67.0,-1.1428571428571426,-3.0,6.857142857142856,-0.045454545454545414,-0.18252347897100862,0.0
106,New York Jets,nyj,Indianapolis Colts,clt,9,-0.0892857142857143,-2.8392857142857153,-0.25,1.3571428571428572,1.9821428571428612,3.0535714285714306,2.0357142857142847,-0.6071428571428572,12.125,1.9821428571428568,-8.714285714285715,-5.357142857142858,-0.2857142857142857,-46.42857142857143,-151.8571428571429,1.1428571428571428,-44.446428571428555,0.8928571428571428,10.42857142857143,10.142857142857142,-0.3931623931623932,0.029247752361443002,0.0
107,New England Patriots,nwe,Carolina Panthers,car,9,0.0,0.125,0.25,-0.25,39.375,0.125,3.625,0.375,37.25,-1.125,5.125,-3.375,0.125,-13.0,-139.375,-1.125,26.125,0.0,6.375,-2.125,-0.036363636363636376,0.09145527369826434,1.0
108,Cleveland Browns,cle,Cincinnati Bengals,cin,9,-0.125,4.125,0.625,-0.75,-43.125,-1.0,-1.375,-1.75,-45.5,2.375,-4.625,6.0,1.0,62.5,173.5,0.375,19.375,-0.25,26.375,-2.375,-0.24747474747474746,0.016410687986534833,1.0
109,Denver Broncos,den,Dallas Cowboys,dal,9,-0.3571428571428571,-6.964285714285715,-1.0714285714285714,0.0357142857142857,-68.23214285714283,-2.107142857142854,-2.1607142857142847,-0.9464285714285716,-60.196428571428555,-2.7857142857142865,-12.517857142857146,-7.642857142857142,-0.3571428571428571,-48.375,-90.60714285714289,1.4107142857142858,-116.60714285714283,-0.03571428571428581,-19.94642857142857,8.035714285714286,0.2692307692307693,-0.1253754588942041,1.0
110,Buffalo Bills,buf,Jacksonville Jaguars,jax,9,0.5714285714285714,4.571428571428569,0.4285714285714286,-0.8571428571428572,43.14285714285714,0.7142857142857153,2.7142857142857153,1.2857142857142856,39.71428571428572,0.2857142857142856,15.142857142857142,6.0,0.1428571428571428,10.42857142857143,321.8571428571429,-0.4285714285714286,53.571428571428555,-1.1428571428571428,7.857142857142861,-3.428571428571428,-0.2,0.1737491877842755,0.0
111,Houston Texans,htx,Miami Dolphins,mia,9,0.0,-3.625,0.0,0.125,-19.125,-7.75,-4.5,-0.125,-18.75,0.375,-2.375,2.375,0.0,-2.5,-46.125,0.25,-21.625,0.0,10.875,0.375,-0.038461538461538436,-0.007373746034467943,0.0
112,Atlanta Falcons,atl,New Orleans Saints,nor,9,-0.28571428571428575,1.8571428571428577,0.7142857142857144,0.2857142857142857,66.14285714285714,11.42857142857143,10.285714285714288,-0.2857142857142856,67.57142857142858,0.0,-4.0,-7.714285714285712,-0.42857142857142855,-38.0,-75.42857142857156,0.0,28.142857142857167,0.5714285714285715,-3.4285714285714306,1.4285714285714288,-0.191919191919192,0.06563467492260061,1.0
113,Las Vegas Raiders,rai,New York Giants,nyg,9,0.4642857142857143,0.32142857142857295,-0.3571428571428572,-0.1607142857142857,51.35714285714283,0.375,1.5892857142857153,0.7142857142857142,51.64285714285717,0.8214285714285712,6.214285714285715,1.0892857142857153,0.2678571428571428,-3.8214285714285694,137.375,0.3035714285714284,47.53571428571428,-0.5357142857142857,12.67857142857143,0.2857142857142847,-0.0615384615384616,0.01904761904761909,0.0
114,Minnesota Vikings,min,Baltimore Ravens,rav,9,-0.28571428571428575,-1.7142857142857117,0.0,-0.4285714285714286,2.571428571428555,5.714285714285715,5.571428571428569,0.5714285714285714,-2.571428571428612,1.5714285714285712,-3.4285714285714306,-2.8571428571428577,-1.1428571428571428,-25.428571428571416,-100.57142857142844,-1.5714285714285714,-22.857142857142833,-0.4285714285714285,8.285714285714285,-5.142857142857142,0.0714285714285714,-0.007563025210084062,0.0
115,Los Angeles Chargers,sdg,Philadelphia Eagles,phi,9,0.1964285714285714,1.6428571428571423,-0.5357142857142857,0.3571428571428571,55.48214285714283,7.910714285714285,5.696428571428573,1.0357142857142856,56.10714285714283,-0.6428571428571432,-0.803571428571427,-3.5357142857142847,-0.6428571428571429,-27.19642857142857,73.92857142857133,0.25,28.285714285714278,0.2678571428571428,13.17857142857143,0.625,0.358974358974359,0.024256292906178534,1.0
116,Green Bay Packers,gnb,Kansas City Chiefs,kan,9,0.375,-5.875,-0.875,-0.875,-66.75,-9.5,-6.125,-0.25,-61.0,-2.5,-2.0,1.5,-0.125,-8.625,73.625,0.25,-75.375,-1.625,-14.25,5.75,0.045454545454545414,-0.12722832722832728,0.0
117,Arizona Cardinals,crd,San Francisco 49ers,sfo,9,0.44642857142857145,2.0178571428571423,0.4464285714285714,0.1607142857142857,18.875,0.42857142857142705,3.821428571428573,0.8392857142857142,29.928571428571416,0.07142857142857117,6.75,2.9107142857142847,0.0714285714285714,5.035714285714292,144.03571428571422,0.6785714285714286,23.910714285714278,-0.4464285714285714,-22.14285714285714,11.053571428571429,0.4545454545454546,0.11456043956043954,1.0
118,Tennessee Titans,oti,Los Angeles Rams,ram,9,-0.125,0.75,0.0,0.25,-72.25,-1.5,-1.875,-1.375,-58.625,3.0,-2.25,6.0,0.75,43.5,295.75,2.0,-28.75,0.5,33.75,13.625,0.16666666666666663,-0.030345800988002825,1.0
119,Chicago Bears,chi,Pittsburgh Steelers,pit,9,-0.1964285714285714,-0.875,0.625,0.4285714285714286,-117.05357142857142,-12.57142857142857,-8.625,-0.6428571428571428,-96.80357142857142,-0.8214285714285712,-3.4821428571428577,6.714285714285715,0.2857142857142857,50.625,-36.875,1.75,-66.42857142857144,0.375,0.9821428571428541,20.25,0.050505050505050525,-0.061233729485002775,0.0
120,Baltimore Ravens,rav,Miami Dolphins,mia,10,0.5277777777777778,6.097222222222221,-0.41666666666666674,-0.125,43.138888888888886,-5.263888888888886,-3.6388888888888893,0.29166666666666674,40.22222222222223,-0.22222222222222232,10.402777777777779,11.041666666666668,0.8194444444444444,86.51388888888889,355.19444444444434,0.44444444444444464,129.65277777777777,-0.75,9.305555555555557,-2.916666666666668,0.09790209790209792,-0.05276422764227645,
121,Jacksonville Jaguars,jax,Indianapolis Colts,clt,10,-0.19444444444444442,-2.6388888888888893,-0.20833333333333326,0.6805555555555556,-12.291666666666657,3.3611111111111143,0.9166666666666679,-0.8888888888888888,-15.25,2.3194444444444446,-10.722222222222221,-3.5138888888888893,-0.3472222222222223,-25.833333333333343,-239.94444444444434,-0.26388888888888884,-38.125,0.6388888888888888,11.166666666666664,-2.958333333333334,-0.0117647058823529,-0.10753306497987347,
122,Atlanta Falcons,atl,Dallas Cowboys,dal,10,-0.25,-4.625,-0.25,0.0,-33.875,0.875,0.75,-0.625,-33.75,-2.25,-8.25,-5.5,-0.25,-62.375,-96.0,0.0,-96.25,-0.125,-15.875,0.125,0.04285714285714287,-0.025599128540304994,
123,Cleveland Browns,cle,New England Patriots,nwe,10,0.0,0.44444444444444287,-0.11111111111111094,-0.4444444444444445,-18.888888888888886,-5.111111111111114,-4.222222222222221,-0.22222222222222232,-18.0,1.333333333333333,-0.6666666666666679,3.0,0.5555555555555554,53.22222222222223,89.44444444444434,0.8888888888888888,34.55555555555554,-0.6666666666666667,13.666666666666664,0.8888888888888893,-0.27777777777777773,-0.04441183285703254,
124,Buffalo Bills,buf,New York Jets,nyj,10,0.375,3.625,0.625,-1.125,18.625,1.0,1.75,0.625,5.125,0.75,11.375,5.875,0.375,42.625,191.625,-1.5,61.25,-1.125,14.625,-13.5,0.0,0.03627362736273626,
125,New Orleans Saints,nor,Tennessee Titans,oti,10,-0.1527777777777778,-2.458333333333332,-0.04166666666666663,-0.38888888888888884,-26.263888888888886,-2.819444444444443,-3.819444444444443,0.7916666666666667,-36.68055555555554,-0.43055555555555536,-3.208333333333332,-1.2777777777777786,-0.7916666666666667,-15.888888888888886,-148.125,-1.375,-42.15277777777777,-0.45833333333333326,-10.833333333333336,-10.416666666666668,-0.13095238095238093,-0.053066550674206237,
126,Detroit Lions,det,Pittsburgh Steelers,pit,10,-0.625,1.625,0.125,0.25,-7.75,1.25,1.375,-0.25,3.25,0.25,-3.375,-1.5,0.0,4.75,-118.25,0.625,-3.0,0.375,5.5,11.0,0.017316017316017285,-0.0565656565656566,
127,Tampa Bay Buccaneers,tam,Washington Football Team,was,10,0.5,4.0,-0.375,-0.5,97.0,8.75,7.25,1.75,95.625,1.5,13.0,-3.5,0.25,-22.5,131.125,-0.375,74.5,-0.375,20.0,-1.375,-0.046052631578947345,0.14344583987441129,
128,Carolina Panthers,car,Arizona Cardinals,crd,10,-0.4444444444444444,-2.7777777777777786,-0.7777777777777777,0.44444444444444453,-57.666666666666686,4.222222222222221,-2.6666666666666643,-1.2222222222222223,-59.888888888888886,0.44444444444444464,-11.777777777777779,-3.0,-0.6666666666666667,-22.1111111111111,-0.8888888888889142,0.5555555555555554,-79.77777777777777,0.6666666666666667,-5.333333333333336,-2.2222222222222214,-0.30555555555555547,-0.09380273048013493,
129,Minnesota Vikings,min,Los Angeles Chargers,sdg,10,-0.25,-2.375,0.625,-0.5,-22.125,-2.0,-0.5,-0.25,-24.875,0.875,-0.625,4.0,-0.5,22.375,87.625,-0.5,0.25,-0.375,6.0,-2.75,0.019607843137254832,-0.08403361344537813,
130,Philadelphia Eagles,phi,Denver Broncos,den,10,-0.22222222222222227,0.33333333333333215,0.7777777777777779,-0.2222222222222222,-23.111111111111114,-3.333333333333332,-4.666666666666668,-0.33333333333333326,-31.555555555555543,1.5555555555555554,4.444444444444443,2.222222222222225,0.888888888888889,23.333333333333314,-310.1111111111111,-1.5555555555555556,0.2222222222221717,-0.33333333333333337,2.7777777777777786,-8.444444444444443,-0.43589743589743596,0.06856268127618437,
131,Seattle Seahawks,sea,Green Bay Packers,gnb,10,-0.4027777777777778,-3.2638888888888893,-0.23611111111111116,-0.19444444444444442,-12.652777777777771,-5.722222222222221,-2.5138888888888893,-0.125,-1.8611111111111143,1.3055555555555554,0.5138888888888893,-1.1666666666666679,0.3194444444444444,-6.791666666666671,-320.30555555555566,1.1388888888888888,-19.444444444444457,-0.38888888888888884,5.402777777777779,10.791666666666666,-0.3214285714285714,-0.07890385069690525,
132,Kansas City Chiefs,kan,Las Vegas Raiders,rai,10,-0.06944444444444442,4.555555555555557,0.41666666666666674,0.23611111111111116,-24.125,3.0,1.1944444444444429,0.5972222222222223,-29.958333333333314,-0.4861111111111107,0.055555555555557135,0.20833333333333215,-0.33333333333333337,22.95833333333333,-41.05555555555566,-0.36111111111111116,-1.1666666666666856,1.1111111111111112,-10.805555555555557,-5.833333333333334,0.04545454545454547,0.1316526610644258,
133,Los Angeles Rams,ram,San Francisco 49ers,sfo,10,0.4027777777777778,1.3333333333333321,-0.8333333333333334,0.02777777777777779,43.833333333333314,3.4861111111111143,3.944444444444443,1.1805555555555554,44.94444444444446,-1.2222222222222223,5.875,0.2638888888888893,-0.4722222222222222,-10.125,74.31944444444434,-0.5555555555555556,33.708333333333314,-0.75,-27.875,1.1111111111111107,0.0,0.10062893081761004,
134,New England Patriots,nwe,Atlanta Falcons,atl,11,0.15555555555555556,2.055555555555557,-0.1333333333333333,-0.30000000000000004,0.3666666666666458,-3.4777777777777814,-1.1333333333333329,-0.16666666666666674,2.47777777777776,0.13333333333333286,7.722222222222221,4.222222222222221,0.8555555555555556,31.811111111111117,142.73333333333335,0.12222222222222223,31.97777777777776,-0.04444444444444451,3.7222222222222214,2.1111111111111107,0.3333333333333334,0.06586942469295409,1.0
135,Indianapolis Colts,clt,Buffalo Bills,buf,11,-0.16666666666666663,-2.4666666666666686,-0.4666666666666668,-0.2666666666666666,-52.122222222222234,-4.988888888888887,-4.37777777777778,-0.4111111111111112,-49.811111111111074,-2.7555555555555555,-4.31111111111111,0.23333333333333073,-0.1333333333333333,14.411111111111126,-14.011111111111177,0.24444444444444446,-37.71111111111111,-0.11111111111111116,-23.522222222222226,2.31111111111111,0.3,-0.09829059829059822,1.0
136,Washington Football Team,was,Carolina Panthers,car,11,-0.16666666666666669,0.6000000000000014,0.34444444444444433,-0.19999999999999996,25.099999999999994,-0.7333333333333343,1.6666666666666679,0.5333333333333332,24.71111111111111,-1.844444444444445,0.055555555555557135,-2.62222222222222,-0.3222222222222223,-0.5555555555555571,-145.76666666666665,-0.2777777777777777,24.54444444444448,-0.14444444444444438,-8.766666666666666,-0.3888888888888893,-0.1071428571428572,0.022296544035674493,1.0
137,Baltimore Ravens,rav,Chicago Bears,chi,11,0.3333333333333333,6.333333333333336,-0.22222222222222232,-0.11111111111111116,115.88888888888889,9.222222222222225,6.222222222222225,1.0,103.77777777777777,-0.666666666666667,9.0,1.777777777777775,0.22222222222222232,17.55555555555557,287.8888888888889,-0.5555555555555554,133.4444444444444,-0.11111111111111116,-5.555555555555557,-12.11111111111111,0.36363636363636365,-0.0036891293654697233,1.0
138,Detroit Lions,det,Cleveland Browns,cle,11,-0.5,-0.26666666666666927,-0.30000000000000004,0.2666666666666666,1.52222222222224,7.822222222222223,5.455555555555556,-0.11111111111111116,8.622222222222234,-0.22222222222222232,-6.433333333333334,-4.633333333333333,-0.7111111111111112,-45.877777777777766,-111.05555555555566,0.0,-44.355555555555554,0.3222222222222223,-8.622222222222227,7.100000000000001,0.025691699604743157,-0.0480950311458786,0.0
139,San Francisco 49ers,sfo,Jacksonville Jaguars,jax,11,0.2222222222222222,2.1111111111111107,0.11111111111111094,-0.33333333333333337,30.666666666666686,-5.888888888888889,-1.6666666666666679,0.5555555555555556,30.444444444444457,-0.666666666666667,7.444444444444443,4.222222222222225,0.22222222222222232,-1.1111111111111143,133.77777777777783,0.11111111111111116,29.555555555555543,-0.11111111111111116,12.55555555555555,-0.2222222222222232,-0.04977375565610864,0.06263232180663375,1.0
140,Green Bay Packers,gnb,Minnesota Vikings,min,11,0.3555555555555556,0.11111111111111072,-0.12222222222222223,0.2777777777777778,-32.122222222222234,-4.288888888888884,-3.7777777777777786,-0.19999999999999996,-27.26666666666668,-3.366666666666667,-2.9555555555555557,-1.5888888888888886,0.25555555555555554,-13.144444444444446,80.58888888888896,0.6666666666666667,-45.26666666666671,0.2333333333333334,-32.82222222222223,4.855555555555556,-0.19393939393939386,0.04802955665024633,0.0
141,Miami Dolphins,mia,New York Jets,nyj,11,0.07777777777777778,-1.3999999999999986,0.7,-1.1,-26.866666666666674,-0.6111111111111143,0.31111111111111,-0.24444444444444446,-29.900000000000006,-0.41111111111111054,-0.18888888888889,0.17777777777777715,-0.06666666666666665,-2.7333333333333343,-32.477777777777874,-0.0777777777777775,-29.600000000000023,-0.6444444444444446,-4.833333333333336,-3.0333333333333314,0.20512820512820512,-0.016640866873064986,1.0
142,Houston Texans,htx,Tennessee Titans,oti,11,-0.6888888888888889,-7.133333333333335,0.7444444444444445,0.4222222222222223,-11.566666666666663,1.2111111111111157,0.46666666666666856,-0.18888888888888888,-13.233333333333348,0.5222222222222221,-13.57777777777778,-8.833333333333332,-1.1555555555555557,-55.82222222222222,-320.18888888888887,-0.011111111111111072,-67.38888888888891,0.6888888888888889,-0.5666666666666629,-1.6666666666666679,-0.1688311688311689,-0.017126148705096045,1.0
143,New Orleans Saints,nor,Philadelphia Eagles,phi,11,0.15555555555555556,-0.4888888888888907,-0.6333333333333334,-0.05555555555555558,-3.3777777777777658,0.43333333333333357,-0.6000000000000014,0.8111111111111111,-2.333333333333343,-0.5555555555555554,-1.0333333333333314,0.6444444444444422,-0.5111111111111111,-25.611111111111114,170.54444444444425,0.18888888888888888,-28.988888888888937,0.0888888888888888,-0.9111111111111114,1.0444444444444443,0.25,-0.06783489096573209,0.0
144,Cincinnati Bengals,cin,Las Vegas Raiders,rai,11,0.0,-1.777777777777775,-0.3333333333333335,0.3333333333333335,-34.5555555555556,-6.333333333333336,-4.111111111111111,0.6666666666666667,-30.0,-3.2222222222222223,2.8888888888888893,2.0,0.0,12.111111111111114,24.333333333333485,0.5555555555555554,-22.444444444444457,0.33333333333333326,-28.888888888888886,4.555555555555557,0.07692307692307693,0.010260260260260279,1.0
145,Dallas Cowboys,dal,Kansas City Chiefs,kan,11,0.1777777777777778,-1.12222222222222,-0.14444444444444438,-0.33333333333333337,-0.7666666666667084,-6.011111111111113,-2.633333333333333,-0.05555555555555536,1.0888888888889028,1.2888888888888896,5.355555555555558,5.711111111111112,0.4,29.055555555555543,50.54444444444425,-0.14444444444444438,28.28888888888889,-0.6666666666666667,13.922222222222231,1.855555555555556,-0.1657754010695186,-0.07643678160919537,0.0
146,Arizona Cardinals,crd,Seattle Seahawks,sea,11,0.46666666666666673,4.266666666666669,1.0222222222222221,0.3555555555555556,47.25555555555553,2.31111111111111,3.1555555555555586,0.1333333333333333,41.32222222222225,0.833333333333333,8.588888888888889,6.8444444444444414,0.8222222222222223,26.022222222222226,319.6111111111111,-0.8222222222222224,73.27777777777777,0.43333333333333346,12.422222222222224,-5.933333333333334,0.4666666666666668,0.09183673469387754,1.0
147,Pittsburgh Steelers,pit,Los Angeles Chargers,sdg,11,0.06944444444444442,-3.1111111111111143,0.6666666666666667,-0.2222222222222222,-33.55555555555554,-0.44444444444444997,-0.5555555555555571,-0.8888888888888888,-35.22222222222223,-0.11111111111111072,-4.666666666666664,2.333333333333332,-0.2222222222222222,-5.555555555555557,196.55555555555566,0.22222222222222232,-39.11111111111114,0.22222222222222232,-13.444444444444443,-1.6666666666666679,-0.2834224598930482,-0.0370216880784639,0.0
148,New York Giants,nyg,Tampa Bay Buccaneers,tam,11,-0.3333333333333333,-3.7777777777777786,0.4444444444444444,0.0,-76.66666666666666,-7.0,-5.666666666666668,-2.0,-70.66666666666663,-0.7777777777777777,-11.11111111111111,3.1111111111111107,0.0,5.0,-66.11111111111109,0.8888888888888891,-71.66666666666669,-0.11111111111111094,-17.555555555555564,6.0,-0.03846153846153849,-0.08929374718848404,0.0
149,Chicago Bears,chi,Detroit Lions,det,12,0.3,-1.6000000000000014,0.6,0.09999999999999998,-42.0,-8.699999999999996,-7.300000000000001,-0.10000000000000009,-37.10000000000002,-0.39999999999999947,0.3000000000000007,4.100000000000001,0.0,17.89999999999999,-20.5,0.8999999999999999,-24.100000000000023,0.09999999999999987,0.5,4.899999999999999,-0.07763975155279507,0.010195974576271194,1.0
150,Las Vegas Raiders,rai,Dallas Cowboys,dal,12,-0.19999999999999996,-4.299999999999997,-0.30000000000000004,0.09999999999999998,5.300000000000011,-0.10000000000000142,-0.5,-0.6000000000000001,8.100000000000023,-0.20000000000000018,-7.0,-6.199999999999999,-0.09999999999999998,-50.10000000000001,-114.09999999999991,0.30000000000000027,-44.80000000000001,-0.30000000000000004,2.5,2.8000000000000007,-0.009049773755656187,-0.08681588821322295,1.0
151,Buffalo Bills,buf,New Orleans Saints,nor,12,0.09999999999999998,3.3000000000000007,0.8999999999999999,0.30000000000000004,69.9,7.699999999999999,7.200000000000003,-0.10000000000000009,69.29999999999998,1.4000000000000004,4.399999999999999,-3.3999999999999986,0.29999999999999993,0.8999999999999915,43.700000000000045,-0.19999999999999996,70.80000000000001,0.2999999999999998,15.099999999999994,-0.5999999999999996,-0.2833333333333334,0.10485564304461947,1.0
152,Pittsburgh Steelers,pit,Cincinnati Bengals,cin,12,-0.0444444444444444,0.6999999999999993,0.09999999999999987,-0.6000000000000001,-13.5,7.5,3.599999999999998,-0.8000000000000003,-20.299999999999983,2.5999999999999996,-5.400000000000002,-1.9000000000000021,-0.30000000000000004,-12.599999999999994,2.900000000000091,-0.6999999999999997,-26.100000000000023,-0.2999999999999998,12.800000000000004,-6.800000000000001,-0.23076923076923073,0.020331667423898248,0.0
153,Tampa Bay Buccaneers,tam,Indianapolis Colts,clt,12,0.15454545454545454,2.1818181818181834,-0.28181818181818186,0.4363636363636364,98.70909090909092,10.56363636363637,8.645454545454548,1.2636363636363634,96.30909090909088,2.463636363636363,2.8090909090909086,-6.736363636363638,-0.6545454545454545,-56.709090909090904,-76.81818181818176,-0.3363636363636364,42.0,0.390909090909091,23.74545454545455,-2.4000000000000004,-0.017045454545454586,0.06727148236905167,1.0
154,New York Jets,nyj,Houston Texans,htx,12,0.0,5.100000000000001,-0.3999999999999999,0.7,64.20000000000002,7.799999999999997,3.900000000000002,0.5,67.30000000000001,-0.10000000000000053,2.8000000000000007,-3.3000000000000007,0.0,2.4000000000000057,56.0,0.10000000000000009,66.59999999999997,0.5999999999999999,-4.700000000000003,3.1000000000000014,-0.1987179487179488,0.04507211538461542,1.0
155,Atlanta Falcons,atl,Jacksonville Jaguars,jax,12,0.2,0.3000000000000007,-0.10000000000000009,0.4,22.799999999999983,0.5,2.8999999999999986,0.7,27.19999999999999,-1.0999999999999996,1.9000000000000004,0.3000000000000007,-0.6,-33.900000000000006,99.10000000000014,0.10000000000000009,-11.099999999999966,0.0,-6.0,4.4,-0.253968253968254,0.06794871794871798,1.0
156,Carolina Panthers,car,Miami Dolphins,mia,12,0.09090909090909088,1.4545454545454568,-0.5454545454545456,0.18181818181818177,-30.545454545454533,-4.363636363636367,-4.363636363636363,-0.36363636363636365,-33.72727272727275,0.545454545454545,2.2727272727272734,6.181818181818183,0.4545454545454545,38.18181818181819,158.18181818181802,-0.09090909090909083,7.636363636363683,-0.18181818181818188,7.18181818181818,-3.1818181818181817,-0.005128205128204999,-0.06625850340136052,0.0
157,Tennessee Titans,oti,New England Patriots,nwe,12,0.09090909090909094,0.8181818181818201,-0.09090909090909083,0.36363636363636354,-10.454545454545439,1.0909090909090935,-0.6363636363636367,-0.18181818181818188,-7.4545454545454675,0.8181818181818183,-0.8181818181818201,2.7272727272727266,0.2727272727272727,12.545454545454547,116.18181818181824,0.8181818181818183,2.272727272727252,0.18181818181818188,7.9090909090909065,3.0,-1.1102230246251565e-16,-0.05234107346783412,0.0
158,Philadelphia Eagles,phi,New York Giants,nyg,12,0.15454545454545454,1.336363636363636,-0.1272727272727272,-0.4454545454545455,-30.445454545454538,-6.636363636363637,-5.0090909090909115,0.18181818181818188,-35.06363636363636,0.709090909090909,8.100000000000001,7.427272727272726,0.8454545454545455,60.46363636363637,8.845454545454459,-0.38181818181818206,30.0181818181818,-0.5818181818181817,4.772727272727273,-4.618181818181819,-0.10416666666666657,0.08797703478554542,0.0
159,Los Angeles Chargers,sdg,Denver Broncos,den,12,0.09999999999999998,3.8000000000000007,-0.09999999999999998,0.20000000000000007,49.79999999999998,5.299999999999997,2.700000000000003,0.8000000000000003,42.5,1.7999999999999998,6.0,-1.5999999999999979,0.30000000000000004,-5.400000000000006,-163.9000000000001,-1.2,44.39999999999998,-0.10000000000000009,16.6,-7.300000000000001,-0.05555555555555547,0.1059242594675665,0.0
160,Los Angeles Rams,ram,Green Bay Packers,gnb,12,-0.027272727272727337,0.6999999999999993,-0.49090909090909085,0.4454545454545455,46.30000000000001,3.154545454545456,2.6090909090909093,0.3999999999999999,44.918181818181836,0.16363636363636314,4.645454545454548,-1.336363636363636,0.0636363636363636,-10.099999999999994,-205.16363636363621,-0.5,36.19999999999999,0.28181818181818186,-2.8999999999999986,-1.381818181818181,-0.07179487179487193,-0.0027830572902524664,0.0
161,Minnesota Vikings,min,San Francisco 49ers,sfo,12,0.0,0.0,0.0,-0.39999999999999997,31.700000000000017,7.400000000000002,6.100000000000001,0.6000000000000001,32.00000000000003,1.4000000000000004,0.8999999999999986,-1.1000000000000014,-0.7,-4.0,41.5,-0.5,27.69999999999999,-0.7999999999999999,5.299999999999997,0.3000000000000007,0.15584415584415579,0.009178863805507309,0.0
162,Cleveland Browns,cle,Baltimore Ravens,rav,12,-0.15454545454545454,-3.7727272727272734,-0.027272727272727337,-0.3545454545454546,-45.96363636363637,-6.236363636363638,-4.272727272727273,-0.3999999999999999,-47.59090909090909,1.4727272727272727,-2.518181818181816,-1.6909090909090914,0.34545454545454546,5.818181818181813,-187.32727272727266,-0.5818181818181816,-40.145454545454584,-0.30000000000000004,15.799999999999997,-1.6272727272727252,-0.2575757575757576,0.02019964768056376,0.0
163,Seattle Seahawks,sea,Washington Football Team,was,12,-0.10000000000000003,-4.100000000000001,-0.7000000000000001,-0.5,-24.700000000000017,-4.799999999999997,-3.1000000000000014,0.0,-13.700000000000017,-0.5,-1.8000000000000007,-5.0,0.10000000000000009,-24.5,-336.39999999999986,1.0,-49.19999999999999,-0.9,-9.300000000000004,10.999999999999998,-0.3550724637681159,-0.06823361823361823,0.0
164,Dallas Cowboys,dal,New Orleans Saints,nor,13,0.18181818181818182,4.636363636363633,0.7272727272727273,0.09090909090909094,94.18181818181819,7.181818181818183,8.18181818181818,0.09090909090909083,93.27272727272728,2.363636363636364,6.272727272727273,-0.45454545454545325,0.09090909090909083,16.272727272727266,86.81818181818176,0.09090909090909083,110.45454545454544,0.2727272727272727,25.63636363636364,-0.9090909090909083,-0.06274509803921574,0.04301409618573793,1.0
165,Tampa Bay Buccaneers,tam,Atlanta Falcons,atl,13,0.27272727272727276,5.545454545454547,-0.18181818181818177,-0.4545454545454545,80.45454545454547,6.727272727272734,5.272727272727273,1.2727272727272725,75.81818181818181,0.9090909090909092,13.454545454545457,-1.1818181818181834,0.5454545454545454,10.818181818181813,118.90909090909099,-0.5454545454545456,91.27272727272731,-0.27272727272727293,15.363636363636367,-4.636363636363637,0.18831168831168826,0.0793427230046948,1.0
166,Arizona Cardinals,crd,Chicago Bears,chi,13,0.4545454545454546,4.09090909090909,0.5454545454545454,-0.18181818181818177,86.0909090909091,4.181818181818183,6.727272727272727,1.0909090909090908,80.0,-0.09090909090909083,11.90909090909091,2.0,0.7272727272727272,-3.2727272727272663,166.909090909091,-1.0,82.81818181818187,-0.36363636363636354,-0.9090909090909065,-6.0909090909090935,0.33516483516483514,0.1002123629684899,1.0
167,Los Angeles Chargers,sdg,Cincinnati Bengals,cin,13,-0.09090909090909094,3.7272727272727266,-0.5454545454545454,-0.18181818181818177,37.18181818181819,8.636363636363633,4.636363636363637,0.09090909090909083,30.54545454545456,3.3636363636363633,-3.2727272727272734,-4.818181818181817,-0.2727272727272728,-8.909090909090907,-165.90909090909076,-0.8181818181818179,28.272727272727252,-0.2727272727272727,31.18181818181818,-6.636363636363635,0.02857142857142847,0.05714285714285722,1.0
168,Minnesota Vikings,min,Detroit Lions,det,13,0.45454545454545453,1.90909090909091,0.2727272727272727,-0.4545454545454546,72.09090909090912,2.3636363636363598,1.8181818181818201,1.1818181818181817,61.27272727272725,-0.09090909090909083,9.727272727272728,3.09090909090909,-0.2727272727272728,3.7272727272727195,85.4545454545455,-1.1818181818181819,75.81818181818181,-0.5454545454545454,8.636363636363633,-10.81818181818182,0.20807453416149074,0.054865424430641796,0.0
169,Indianapolis Colts,clt,Houston Texans,htx,13,0.3181818181818182,7.454545454545455,-0.030303030303030276,-0.5909090909090908,35.28787878787881,1.946969696969699,0.45454545454545325,0.6590909090909092,27.49242424242425,-2.159090909090909,13.424242424242424,3.7348484848484844,0.8712121212121213,66.22727272727273,231.00757575757575,-1.0681818181818183,101.5151515151515,-0.38636363636363646,-13.219696969696969,-7.795454545454547,0.03968253968253954,0.027572350703201853,1.0
170,New York Giants,nyg,Miami Dolphins,mia,13,-0.05303030303030304,0.09090909090908994,-0.4696969696969697,-0.015151515151515138,-4.613636363636374,-2.8787878787878824,-2.7727272727272734,-0.25,-6.939393939393938,-0.8484848484848486,-1.1363636363636367,-0.19696969696969546,-0.11363636363636365,10.651515151515142,-63.21212121212125,-0.3257575757575757,6.037878787878753,-0.39393939393939403,-4.636363636363633,-2.325757575757576,-0.12941176470588228,-0.05841286673736301,0.0
171,Philadelphia Eagles,phi,New York Jets,nyj,13,0.14393939393939398,0.8636363636363633,0.25,-1.0606060606060606,-52.01515151515153,-9.045454545454547,-6.068181818181817,-0.2803030303030303,-63.25757575757572,-0.2424242424242422,7.242424242424242,8.825757575757578,0.7727272727272727,71.91666666666666,-49.5151515151515,-1.0681818181818183,19.901515151515127,-1.0984848484848484,-2.174242424242429,-11.242424242424244,-0.18095238095238098,0.04969204927211651,1.0
172,San Francisco 49ers,sfo,Seattle Seahawks,sea,13,0.2727272727272727,4.9090909090909065,0.2727272727272728,0.2727272727272727,31.0,1.0,0.2727272727272734,-0.09090909090909083,16.636363636363626,0.3636363636363642,6.454545454545453,7.90909090909091,0.6363636363636362,38.36363636363636,388.27272727272725,-1.2727272727272725,69.36363636363632,0.7272727272727272,19.727272727272734,-14.363636363636365,0.4047619047619048,0.05781249999999993,0.0
173,Washington Football Team,was,Las Vegas Raiders,rai,13,-0.09090909090909088,1.4545454545454533,0.2727272727272727,0.09090909090909083,-72.18181818181819,-4.0,-2.81818181818182,-0.09090909090909083,-71.63636363636365,-2.454545454545455,-2.72727272727273,5.818181818181817,-0.18181818181818177,36.45454545454545,81.81818181818198,-0.09090909090909127,-35.72727272727269,0.36363636363636376,-20.454545454545453,0.545454545454545,0.058461538461538565,0.04809694122671221,1.0
174,Baltimore Ravens,rav,Pittsburgh Steelers,pit,13,0.2272727272727273,4.90909090909091,-0.09090909090909083,0.5454545454545455,4.3636363636363455,-4.272727272727273,-2.5454545454545467,0.0,9.636363636363654,-0.6363636363636358,3.5454545454545467,9.090909090909086,0.4545454545454545,63.636363636363626,258.0000000000002,1.0909090909090913,68.0,0.2727272727272727,5.0,5.272727272727272,0.3846153846153846,-0.06028921023359285,0.0
175,Jacksonville Jaguars,jax,Los Angeles Rams,ram,13,-0.45454545454545453,-2.6363636363636367,0.7272727272727273,0.0,-81.18181818181822,-0.5454545454545396,-3.18181818181818,-1.6363636363636362,-83.72727272727269,2.2727272727272725,-11.454545454545457,-0.7272727272727266,0.2727272727272727,19.909090909090907,-60.545454545454504,0.2727272727272727,-61.27272727272725,0.4545454545454546,13.909090909090914,-2.545454545454545,0.1214285714285715,-0.065264477884177,0.0
176,Denver Broncos,den,Kansas City Chiefs,kan,13,-0.09090909090909094,-5.454545454545457,-1.0,-0.36363636363636365,-66.72727272727272,-9.0,-5.18181818181818,-0.9090909090909094,-58.27272727272728,-1.2727272727272734,-4.81818181818182,0.9090909090909065,0.09090909090909094,2.8181818181818272,32.27272727272725,1.0000000000000002,-63.909090909090935,-0.9090909090909092,-9.0,8.454545454545453,0.030303030303030387,-0.13833992094861658,0.0
177,New England Patriots,nwe,Buffalo Bills,buf,13,0.030303030303030276,-1.5,-0.6363636363636365,-0.33333333333333337,-31.0,-5.416666666666664,-2.280303030303031,-0.7727272727272729,-24.727272727272748,-1.5984848484848486,-1.6363636363636367,1.924242424242422,0.07575757575757591,-2.7727272727272663,-7.659090909090992,0.4545454545454546,-33.93939393939394,-0.20454545454545459,-11.689393939393938,6.272727272727273,0.303030303030303,-0.046052631578947345,1.0
178,Pittsburgh Steelers,pit,Minnesota Vikings,min,14,0.12878787878787873,-2.1666666666666643,-0.16666666666666652,0.33333333333333337,-33.416666666666686,1.3333333333333357,-0.6666666666666643,-0.6666666666666667,-32.333333333333314,-0.75,-5.333333333333336,-3.4166666666666643,0.0,-26.33333333333333,-25.5,0.5833333333333335,-59.75,0.41666666666666674,-17.91666666666667,1.083333333333334,-0.29230769230769227,0.037649700598802405,0.0
179,Atlanta Falcons,atl,Carolina Panthers,car,14,0.0,-0.33333333333333215,0.41666666666666674,-0.08333333333333326,30.833333333333343,1.75,3.916666666666668,0.4999999999999999,30.916666666666657,-1.416666666666666,-1.6666666666666679,-4.25,-0.4999999999999999,-23.25,-126.41666666666674,-0.41666666666666696,7.583333333333314,-0.08333333333333348,-11.75,0.0833333333333357,-0.19841269841269843,0.05468963631391843,1.0
180,San Francisco 49ers,sfo,Cincinnati Bengals,cin,14,-0.08333333333333337,1.4166666666666643,0.08333333333333348,-0.41666666666666674,-5.833333333333343,-2.166666666666668,-2.5,-0.5,-16.583333333333343,1.916666666666666,-2.333333333333332,2.4166666666666643,0.08333333333333326,15.333333333333343,-59.41666666666674,-1.1666666666666667,9.5,-0.08333333333333326,29.916666666666664,-10.750000000000002,0.029166666666666674,-0.031351671103223955,1.0
181,Baltimore Ravens,rav,Cleveland Browns,cle,14,0.16666666666666663,3.9166666666666643,-0.16666666666666652,0.6666666666666667,33.83333333333334,5.416666666666664,4.083333333333332,0.33333333333333326,35.33333333333334,-1.0,2.333333333333332,3.166666666666668,-0.3333333333333335,0.0,250.24999999999977,0.75,33.83333333333337,0.41666666666666674,-13.333333333333336,1.5,0.3010033444816055,0.010826432022084165,0.0
182,Seattle Seahawks,sea,Houston Texans,htx,14,0.16666666666666666,2.833333333333334,-0.16666666666666652,-0.6666666666666665,25.583333333333343,-1.75,0.16666666666666785,0.5833333333333333,31.0,-1.25,6.250000000000002,-1.25,0.33333333333333337,18.25,-111.0,0.3333333333333335,43.833333333333314,-0.8333333333333334,-11.583333333333329,5.416666666666664,-0.09558823529411759,-0.052772298926145045,1.0
183,Las Vegas Raiders,rai,Kansas City Chiefs,kan,14,-0.16666666666666663,-4.166666666666668,-0.33333333333333326,-0.25,10.25,-3.6666666666666643,-1.25,-0.6666666666666667,15.083333333333314,1.333333333333334,-2.416666666666668,-1.5,0.16666666666666663,-22.0,-25.25,0.5,-11.75,-0.9166666666666667,15.166666666666671,4.833333333333332,-0.1748251748251749,-0.16881494804156677,0.0
184,New Orleans Saints,nor,New York Jets,nyj,14,0.16666666666666669,-0.75,-0.16666666666666663,-0.7500000000000001,-39.666666666666686,-6.5,-5.416666666666668,0.6666666666666667,-49.25000000000003,-0.833333333333333,4.75,6.5,0.0,30.0,40.666666666666515,-1.0,-9.666666666666686,-0.7500000000000002,-5.666666666666671,-9.583333333333332,0.0625,-0.021621621621621623,1.0
185,Jacksonville Jaguars,jax,Tennessee Titans,oti,14,-0.5,-3.75,0.25,-0.2499999999999999,-11.666666666666657,3.0,-0.75,-0.5,-19.833333333333343,0.25,-10.333333333333332,-8.25,-0.5000000000000001,-30.16666666666667,-356.33333333333326,-0.9166666666666667,-41.83333333333337,0.0,-5.666666666666671,-8.166666666666668,-0.07359307359307343,-0.057453680095189585,0.0
186,Dallas Cowboys,dal,Washington Football Team,was,14,0.16666666666666663,1.3333333333333321,-0.08333333333333348,-0.16666666666666663,66.08333333333334,5.25,3.916666666666668,0.5833333333333335,62.58333333333334,2.333333333333333,8.916666666666668,-1.9166666666666679,0.25,4.583333333333329,-70.66666666666652,-0.3333333333333335,70.66666666666669,-0.08333333333333348,20.333333333333336,-3.5,-0.07555555555555549,-0.002572268495835417,1.0
187,Detroit Lions,det,Denver Broncos,den,14,-0.40909090909090906,-0.9166666666666679,0.41666666666666674,0.0,-24.833333333333314,1.4166666666666714,0.9166666666666679,-0.25,-20.333333333333343,1.5,-2.833333333333332,-1.6666666666666679,0.0,-8.166666666666671,-165.08333333333326,-0.08333333333333304,-33.0,0.08333333333333326,9.333333333333329,4.5,-0.19597069597069589,-0.05298481102084074,0.0
188,New York Giants,nyg,Los Angeles Chargers,sdg,14,-0.25000000000000006,-4.0,0.6666666666666666,-0.08333333333333326,-60.083333333333314,-3.3333333333333357,-3.5,-1.3333333333333335,-58.41666666666666,-1.666666666666667,-8.583333333333336,0.5833333333333321,-0.33333333333333326,-10.166666666666671,-1.25,0.08333333333333304,-70.25,0.0,-18.5,1.6666666666666679,-0.11904761904761896,-0.08080808080808083,0.0
189,Buffalo Bills,buf,Tampa Bay Buccaneers,tam,14,-0.16666666666666663,-2.0,0.7499999999999999,0.08333333333333326,-51.75,-5.75,-5.0,-0.666666666666667,-49.5,0.33333333333333304,-3.416666666666668,3.9166666666666643,0.0,24.083333333333343,26.583333333333258,0.33333333333333326,-27.666666666666686,0.08333333333333348,-0.4166666666666714,2.25,-0.25000000000000006,0.003930400989224536,0.0
190,Chicago Bears,chi,Green Bay Packers,gnb,14,-0.4166666666666667,-2.166666666666668,0.25,0.75,-74.58333333333334,-5.25,-4.833333333333332,-1.1666666666666665,-63.16666666666666,1.75,-6.833333333333332,2.333333333333332,0.16666666666666674,18.416666666666657,-189.16666666666674,1.4166666666666667,-56.166666666666686,0.7499999999999999,10.916666666666664,11.416666666666668,-0.08823529411764708,-0.07534246575342463,0.0
191,Los Angeles Rams,ram,Arizona Cardinals,crd,14,-0.16666666666666674,-0.25,-1.25,0.16666666666666674,44.41666666666666,6.083333333333332,1.8333333333333321,0.6666666666666667,38.833333333333314,-1.416666666666666,-0.5833333333333321,-6.833333333333332,-0.9166666666666666,-26.25,-176.25,-0.75,18.166666666666686,0.2500000000000001,-14.083333333333329,-5.583333333333332,-0.20000000000000007,-0.026152482269503563,1.0
192,Kansas City Chiefs,kan,Los Angeles Chargers,sdg,15,0.07692307692307687,1.3076923076923066,0.923076923076923,0.07692307692307698,-2.3846153846154152,1.076923076923073,0.23076923076922995,-0.2307692307692304,-6.307692307692321,-0.4615384615384617,0.0,1.3076923076923066,0.0,6.769230769230774,81.30769230769238,-0.23076923076923084,4.384615384615415,0.6153846153846154,-5.692307692307693,-3.9230769230769216,0.017316017316017285,0.07048576471491064,1.0
193,New England Patriots,nwe,Indianapolis Colts,clt,15,0.15384615384615385,-1.6153846153846132,-0.23076923076923084,0.15384615384615385,6.615384615384613,-2.384615384615387,0.8461538461538431,-0.3076923076923077,10.0,0.8461538461538458,-1.6153846153846168,-0.23076923076922995,-0.3846153846153848,-27.999999999999986,-93.69230769230762,0.15384615384615397,-21.538461538461547,0.0,8.307692307692314,3.3846153846153832,-0.006578947368421129,0.007000903342366804,0.0
194,Carolina Panthers,car,Buffalo Bills,buf,15,-0.1538461538461538,-3.30769230769231,-0.3076923076923077,0.3846153846153846,-60.99999999999997,-4.230769230769226,-5.23076923076923,-1.3076923076923075,-56.69230769230768,0.384615384615385,-8.153846153846153,2.30769230769231,0.15384615384615374,-11.307692307692307,-15.076923076923094,0.7692307692307694,-72.30769230769226,0.3846153846153846,-1.461538461538467,4.307692307692307,0.12380952380952376,-0.10899411599887915,0.0
195,Arizona Cardinals,crd,Detroit Lions,det,15,0.6858974358974359,2.4615384615384635,0.7692307692307694,0.0,51.38461538461539,-3.3076923076923066,-0.15384615384615685,0.6153846153846154,49.99999999999997,-0.3076923076923075,11.76923076923077,6.307692307692307,0.9230769230769231,12.076923076923066,158.8461538461538,-0.15384615384615374,63.46153846153845,-0.3846153846153846,2.384615384615387,-1.3846153846153832,0.1799660441426147,0.12752247559516927,0.0
196,Houston Texans,htx,Jacksonville Jaguars,jax,15,0.0,-2.46153846153846,-0.23076923076923062,-0.07692307692307687,-13.769230769230774,-3.384615384615387,-0.23076923076922995,0.3076923076923077,-5.0,-0.23076923076923084,-0.23076923076923173,1.6923076923076934,-0.3846153846153846,-25.15384615384616,60.615384615384755,0.9230769230769231,-38.92307692307696,-0.3846153846153846,-1.6153846153846132,8.769230769230768,-0.12061403508771923,0.014094601051122813,1.0
197,New York Jets,nyj,Miami Dolphins,mia,15,-0.23076923076923078,0.23076923076922995,-0.8461538461538461,0.7692307692307693,6.307692307692321,0.2307692307692264,-2.4615384615384635,0.0,10.615384615384585,0.3076923076923075,-2.153846153846157,-2.6153846153846168,0.0,4.923076923076934,-92.9230769230769,0.3846153846153846,11.230769230769226,0.3846153846153846,6.076923076923073,4.30769230769231,-0.12380952380952387,-0.03484807194440653,0.0
198,Dallas Cowboys,dal,New York Giants,nyg,15,0.3846153846153846,4.0,0.15384615384615374,0.0,62.69230769230771,2.3076923076923066,3.76923076923077,1.0,57.46153846153848,2.5384615384615383,11.384615384615383,4.846153846153847,0.23076923076923073,34.230769230769226,141.61538461538453,-0.23076923076923062,96.92307692307696,0.07692307692307687,27.53846153846154,-5.23076923076923,-0.00555555555555548,0.025000000000000078,1.0
199,Tennessee Titans,oti,Pittsburgh Steelers,pit,15,0.1923076923076923,2.4615384615384635,0.15384615384615397,0.3846153846153846,-31.230769230769226,-6.38461538461538,-3.76923076923077,-0.3846153846153848,-25.53846153846152,-0.4615384615384617,4.0,8.076923076923077,0.846153846153846,49.38461538461539,182.30769230769238,0.5384615384615388,18.153846153846132,0.4615384615384617,5.307692307692307,5.692307692307693,0.219047619047619,-0.008620689655172376,0.0
200,Green Bay Packers,gnb,Baltimore Ravens,rav,15,0.15384615384615385,-2.384615384615387,0.0,-0.6923076923076923,10.69230769230768,-1.2307692307692264,-0.3076923076923066,0.846153846153846,5.153846153846132,-2.0,1.8461538461538467,-5.307692307692307,-0.3846153846153846,-37.230769230769226,-92.61538461538476,-1.6153846153846154,-26.538461538461547,-0.7692307692307693,-13.230769230769226,-5.538461538461538,-0.09477124183006536,0.05828516377649329,1.0
201,Cincinnati Bengals,cin,Denver Broncos,den,15,0.0,-0.76923076923077,0.6153846153846154,0.3846153846153846,28.153846153846132,-1.0769230769230802,-0.1538461538461533,0.6153846153846154,34.53846153846152,-1.0,6.076923076923077,0.1538461538461533,0.23076923076923062,-14.384615384615387,17.384615384615472,0.6153846153846154,13.769230769230774,0.4615384615384617,-8.46153846153846,6.384615384615383,-0.07386363636363635,0.009756097560975618,1.0
202,Atlanta Falcons,atl,San Francisco 49ers,sfo,15,-0.07692307692307687,-2.0,0.15384615384615374,0.3846153846153846,-15.076923076923066,4.7692307692307665,3.6923076923076934,-0.23076923076923084,-12.923076923076934,-0.1538461538461533,-6.46153846153846,-4.615384615384617,-0.6923076923076923,-32.84615384615384,-90.76923076923072,-0.0769230769230771,-47.92307692307696,0.15384615384615397,-14.384615384615387,2.1538461538461533,-0.12500000000000006,0.03785560466961346,0.0
203,New Orleans Saints,nor,Tampa Bay Buccaneers,tam,15,-0.3076923076923077,-5.384615384615387,0.0,0.07692307692307687,-116.2307692307692,-12.153846153846153,-11.53846153846154,-0.846153846153846,-111.76923076923075,-0.4615384615384617,-8.153846153846157,6.923076923076923,-0.15384615384615374,25.461538461538467,-2.6923076923076223,0.5384615384615385,-90.76923076923077,0.0,-8.46153846153846,4.461538461538462,0.04977375565610864,-0.10133921891366149,1.0
204,Las Vegas Raiders,rai,Cleveland Browns,cle,15,-0.07692307692307687,0.23076923076922995,0.0,0.23076923076923084,82.15384615384619,8.0,7.153846153846153,0.3076923076923077,79.76923076923077,1.1538461538461542,0.3846153846153868,-6.692307692307693,-0.46153846153846156,-58.84615384615384,-89.15384615384619,-0.23076923076923084,23.30769230769232,0.23076923076923084,8.53846153846154,-2.384615384615387,0.10869565217391303,-0.03579617834394905,1.0
205,Minnesota Vikings,min,Chicago Bears,chi,15,0.15384615384615385,2.7692307692307665,-0.3076923076923077,-0.8461538461538463,90.84615384615381,7.46153846153846,6.923076923076923,1.153846153846154,77.07692307692307,1.0,8.69230769230769,-0.3076923076923066,-0.07692307692307698,-2.8461538461538396,78.46153846153857,-1.8461538461538463,88.0,-0.8461538461538461,14.538461538461547,-13.76923076923077,0.15131578947368418,0.03914552157883322,1.0
206,Washington Football Team,was,Philadelphia Eagles,phi,15,0.0,0.38461538461538325,0.15384615384615397,0.3076923076923077,17.461538461538453,4.153846153846153,4.0,0.3076923076923077,23.769230769230774,-0.6153846153846159,-5.4615384615384635,-2.6923076923076934,-0.7692307692307692,-37.46153846153847,134.30769230769238,0.5384615384615383,-20.0,0.6153846153846154,2.2307692307692335,6.307692307692308,0.18518518518518512,-0.06631016042780752,0.0
207,Seattle Seahawks,sea,Los Angeles Rams,ram,15,-0.30769230769230765,-3.9230769230769234,0.38461538461538447,-0.38461538461538464,-81.46153846153848,-7.076923076923077,-4.69230769230769,-0.9230769230769229,-69.30769230769229,0.6923076923076916,-7.23076923076923,-0.9230769230769234,0.3076923076923077,7.15384615384616,-186.0769230769231,1.3846153846153846,-74.30769230769232,-0.3076923076923076,3.1538461538461533,12.153846153846153,-0.09166666666666667,-0.07370605900017668,0.0
208,San Francisco 49ers,sfo,Tennessee Titans,oti,16,-0.07142857142857151,-0.6428571428571423,-0.2857142857142856,-0.3571428571428571,37.21428571428572,-2.2857142857142847,-1.7142857142857153,0.4285714285714286,28.35714285714286,-0.14285714285714324,1.6428571428571423,-3.2142857142857153,0.0,-15.642857142857139,-162.21428571428555,-0.9999999999999998,21.571428571428612,-0.4285714285714286,3.857142857142854,-8.857142857142858,-0.04619565217391297,-0.027311991869918728,0.0
209,Cleveland Browns,cle,Green Bay Packers,gnb,16,-0.2857142857142857,-2.1428571428571423,0.14285714285714302,0.14285714285714285,-52.071428571428584,-4.285714285714288,-4.071428571428573,-1.142857142857143,-50.64285714285714,1.928571428571428,-4.785714285714285,2.571428571428573,0.5714285714285715,32.78571428571429,-115.21428571428578,0.35714285714285676,-19.285714285714278,0.2857142857142857,16.42857142857143,1.4285714285714288,-0.19444444444444436,-0.04412546517809668,0.0
210,Indianapolis Colts,clt,Arizona Cardinals,crd,16,-0.1428571428571429,0.0714285714285694,-0.642857142857143,-0.2857142857142857,-50.71428571428572,-2.357142857142854,-4.285714285714285,0.0,-58.428571428571416,-1.8571428571428577,1.428571428571427,0.5,0.0,35.71428571428571,75.71428571428555,-0.7142857142857144,-15.0,0.2142857142857142,-17.35714285714286,-7.714285714285715,0.09090909090909083,-0.03548516439454691,1.0
211,Detroit Lions,det,Atlanta Falcons,atl,16,-0.2747252747252747,0.7142857142857153,-0.2142857142857144,-0.2857142857142857,-22.785714285714278,-0.2857142857142847,0.07142857142857295,-0.07142857142857162,-18.428571428571416,0.8571428571428577,-1.0714285714285694,0.35714285714285765,0.07142857142857151,22.57142857142857,-28.714285714285552,0.4285714285714284,-0.2142857142857224,-0.1428571428571428,6.0,4.357142857142858,0.10032894736842107,-0.07905669599217979,0.0
212,Tampa Bay Buccaneers,tam,Carolina Panthers,car,16,0.35714285714285715,4.571428571428573,-0.3571428571428571,-0.5000000000000001,109.42857142857142,9.0,9.357142857142858,1.7142857142857144,103.14285714285711,-1.0,9.928571428571427,-5.357142857142858,-0.1428571428571428,-15.07142857142857,-14.71428571428578,-1.0714285714285716,94.35714285714289,-0.4285714285714284,-3.0,-6.285714285714285,0.03846153846153849,0.10998351981958543,1.0
213,Baltimore Ravens,rav,Cincinnati Bengals,cin,16,0.0,4.571428571428573,-0.0714285714285714,0.0,-1.0714285714285552,4.785714285714288,2.1428571428571423,-0.5714285714285714,-5.285714285714278,2.3571428571428568,-2.5,3.928571428571427,0.0714285714285714,35.71428571428572,153.3571428571429,0.2857142857142856,34.64285714285711,-0.0714285714285714,22.5,-4.214285714285712,0.10416666666666652,-0.022095841879544997,0.0
214,Los Angeles Chargers,sdg,Houston Texans,htx,16,0.3571428571428571,8.64285714285714,-0.5714285714285714,-0.1428571428571429,89.14285714285717,6.4285714285714235,5.071428571428573,1.2142857142857142,81.85714285714283,0.2142857142857144,12.285714285714286,0.7142857142857153,0.5714285714285714,33.78571428571428,108.42857142857156,-0.7857142857142858,122.92857142857144,-0.2857142857142858,5.571428571428569,-7.2857142857142865,0.15587044534412953,0.06751396648044694,0.0
215,Los Angeles Rams,ram,Minnesota Vikings,min,16,0.2142857142857143,0.2142857142857153,-0.4999999999999999,0.35714285714285715,29.071428571428584,-0.1428571428571388,0.35714285714285765,0.4285714285714284,32.714285714285666,-2.428571428571429,1.7857142857142883,-3.8571428571428577,-0.07142857142857151,-24.714285714285722,-97.42857142857133,0.2142857142857144,4.357142857142833,0.2142857142857143,-26.5,3.6428571428571423,-0.15073529411764708,0.04727907345708382,1.0
216,Buffalo Bills,buf,New England Patriots,nwe,16,-0.07142857142857151,2.0,0.2857142857142858,0.2142857142857143,29.64285714285714,6.928571428571427,3.1428571428571423,0.7857142857142858,25.714285714285722,1.1428571428571432,1.928571428571427,-3.071428571428573,-0.0714285714285714,0.2142857142857224,-9.714285714285552,0.0714285714285714,30.0,0.0714285714285714,9.428571428571423,-3.928571428571429,-0.10795454545454541,0.025387957790192373,1.0
217,Jacksonville Jaguars,jax,New York Jets,nyj,16,-0.07142857142857142,-1.3571428571428577,0.5000000000000001,-0.4285714285714286,-29.857142857142833,-1.5714285714285694,-1.5714285714285694,-0.5714285714285713,-39.85714285714286,0.2142857142857144,-3.8571428571428577,0.8571428571428577,0.0714285714285714,17.57142857142857,-83.21428571428578,-1.0,-12.285714285714278,-0.0714285714285714,2.4285714285714306,-10.0,0.101010101010101,-0.03428571428571431,0.0
218,New York Giants,nyg,Philadelphia Eagles,phi,16,-0.2142857142857143,-2.4285714285714306,-0.2142857142857144,0.3571428571428571,12.785714285714306,7.285714285714288,4.0,-0.2142857142857142,16.714285714285722,-0.7857142857142856,-9.0,-8.999999999999996,-0.9285714285714286,-69.21428571428572,-66.07142857142844,0.2142857142857144,-56.42857142857139,0.4285714285714286,-7.4285714285714235,3.928571428571429,0.12228260869565222,-0.08155327818249164,0.0
219,Chicago Bears,chi,Seattle Seahawks,sea,16,-0.07142857142857145,2.1428571428571423,0.6428571428571428,0.7142857142857142,-18.571428571428584,0.7142857142857153,-1.1428571428571423,-0.5714285714285714,-19.5,0.7142857142857144,-3.0,5.357142857142858,-0.2142857142857143,22.57142857142857,234.6428571428571,0.2142857142857144,4.0,1.0,10.5,-0.928571428571427,0.12500000000000006,-0.0062893081761006275,1.0
220,Pittsburgh Steelers,pit,Kansas City Chiefs,kan,16,-0.17582417582417587,-5.642857142857142,-0.3571428571428572,-0.3571428571428572,-54.428571428571416,-2.5,-2.071428571428573,-0.7142857142857142,-49.571428571428584,-0.07142857142857117,-6.714285714285715,-1.3571428571428577,-0.2857142857142857,-25.285714285714292,-63.35714285714289,0.5714285714285714,-79.71428571428572,-0.7142857142857144,-4.214285714285715,4.857142857142858,-0.1833333333333334,-0.12348585767836673,0.0
221,Denver Broncos,den,Las Vegas Raiders,rai,16,0.0,0.14285714285714235,-0.9285714285714285,-0.1428571428571428,-66.2857142857143,-4.857142857142861,-4.071428571428573,0.0,-63.071428571428555,-2.8571428571428577,-1.0,5.071428571428569,0.0714285714285714,38.21428571428572,98.35714285714289,0.2142857142857144,-28.071428571428555,-0.2142857142857144,-26.785714285714285,3.2142857142857135,0.07536231884057976,0.04475119291070212,0.0
222,Washington Football Team,was,Dallas Cowboys,dal,16,-0.28571428571428575,-2.1428571428571423,0.0714285714285714,0.0714285714285714,-64.2142857142857,-5.285714285714285,-4.428571428571431,-0.5714285714285714,-57.85714285714286,-2.2857142857142856,-8.428571428571427,0.14285714285714235,-0.0714285714285714,-9.92857142857143,-15.0,0.2857142857142856,-74.14285714285711,0.1428571428571428,-18.500000000000007,6.357142857142859,0.055555555555555636,-0.019255789747592955,0.0
223,Miami Dolphins,mia,New Orleans Saints,nor,16,0.0,0.7142857142857117,0.8571428571428571,0.0714285714285714,34.0,6.857142857142858,7.428571428571427,-0.4285714285714286,37.285714285714306,0.4285714285714288,-2.0,-4.285714285714285,-0.0714285714285714,-30.5,-4.785714285714221,0.4285714285714284,3.5,0.5,-0.2857142857142847,3.2857142857142865,0.02287581699346397,0.055719675919155276,1.0
224,Atlanta Falcons,atl,Buffalo Bills,buf,17,-0.1333333333333333,-4.666666666666668,0.0,0.06666666666666665,-37.53333333333333,-4.399999999999999,-2.333333333333332,-1.0,-33.46666666666667,-1.2666666666666666,-9.93333333333333,-1.6666666666666679,-0.4,-34.2,-126.33333333333348,0.3999999999999999,-71.73333333333335,0.19999999999999996,-14.199999999999996,4.066666666666666,-0.09999999999999998,-0.05627147766323015,0.0
225,New York Giants,nyg,Chicago Bears,chi,17,-0.06666666666666665,-1.0666666666666664,-0.4666666666666668,0.0,22.666666666666657,6.199999999999999,3.3999999999999986,0.0,13.26666666666668,-1.1333333333333329,-1.1333333333333329,-4.599999999999998,-0.2666666666666667,-27.200000000000003,-73.20000000000005,-1.1999999999999997,-4.53333333333336,-0.1333333333333333,-16.46666666666667,-9.4,-0.004444444444444529,0.035242172865935284,0.0
226,Kansas City Chiefs,kan,Cincinnati Bengals,cin,17,0.1333333333333333,4.333333333333336,0.40000000000000013,-0.06666666666666665,26.133333333333326,7.333333333333336,3.7333333333333307,0.1333333333333333,12.266666666666652,2.2,0.7333333333333343,-1.3333333333333357,-0.1333333333333333,4.13333333333334,-66.73333333333335,-1.3333333333333333,30.26666666666665,0.26666666666666683,18.066666666666663,-13.866666666666669,0.004273504273504258,0.11775956284153011,0.0
227,Las Vegas Raiders,rai,Indianapolis Colts,clt,17,-0.06666666666666665,-1.2000000000000028,0.5333333333333334,0.33333333333333337,71.46666666666667,6.266666666666666,6.200000000000003,-0.3333333333333335,73.86666666666667,3.0,-6.933333333333334,-6.799999999999997,-0.5999999999999999,-64.4,-128.4000000000001,0.6666666666666667,7.066666666666663,0.33333333333333326,27.599999999999994,2.4000000000000004,-0.08967391304347827,-0.06245989304812827,1.0
228,Arizona Cardinals,crd,Dallas Cowboys,dal,17,-0.06666666666666665,-1.6666666666666643,0.33333333333333326,0.0,-28.200000000000017,-4.4666666666666615,-2.466666666666665,-0.5333333333333332,-20.533333333333303,-0.7333333333333334,-4.199999999999999,0.8000000000000007,0.5999999999999999,-4.799999999999997,-31.133333333333212,0.1333333333333333,-33.0,-0.33333333333333326,-4.800000000000004,7.666666666666666,0.08631578947368412,0.017825311942959,1.0
229,Carolina Panthers,car,New Orleans Saints,nor,17,-0.13333333333333336,1.1999999999999993,0.3999999999999999,0.3999999999999999,9.133333333333326,5.200000000000003,2.8000000000000007,-0.8666666666666667,12.333333333333343,1.0666666666666664,-2.6000000000000014,-2.1999999999999993,0.2666666666666666,-5.266666666666666,20.200000000000045,0.6000000000000001,3.8666666666666742,0.4666666666666668,7.399999999999999,3.200000000000001,-0.12142857142857144,0.01717378657965951,0.0
230,Jacksonville Jaguars,jax,New England Patriots,nwe,17,-0.4666666666666667,-2.3333333333333357,0.2666666666666666,0.1333333333333333,-18.400000000000006,4.933333333333337,0.13333333333333286,-0.7333333333333333,-19.26666666666668,0.7333333333333334,-11.4,-5.466666666666665,-0.33333333333333326,-17.599999999999994,-196.66666666666674,0.19999999999999996,-35.866666666666674,0.40000000000000013,2.3999999999999986,-0.8666666666666671,-0.08039215686274503,-0.06163458291117868,0.0
231,Tampa Bay Buccaneers,tam,New York Jets,nyj,17,0.4666666666666666,4.866666666666667,0.0,-0.6,79.19999999999999,6.133333333333333,6.533333333333335,1.2666666666666668,67.26666666666668,-0.40000000000000036,11.066666666666666,0.46666666666666856,0.2666666666666666,3.7333333333333343,147.06666666666683,-1.4666666666666668,82.93333333333334,-0.5333333333333334,0.3999999999999986,-11.933333333333334,0.01851851851851849,0.09267352533999301,1.0
232,Miami Dolphins,mia,Tennessee Titans,oti,17,-0.1333333333333333,-2.3999999999999986,0.20000000000000018,-0.06666666666666665,23.066666666666663,4.599999999999994,3.1999999999999993,0.2666666666666666,18.933333333333337,0.1999999999999993,-3.4666666666666686,-6.399999999999999,-0.6666666666666666,-52.20000000000002,-166.73333333333335,-0.6666666666666665,-29.133333333333383,-0.06666666666666665,-8.266666666666666,-4.133333333333333,0.0024154589371980784,-0.010455563853622007,0.0
233,Philadelphia Eagles,phi,Washington Football Team,was,17,0.1333333333333333,0.46666666666666856,-0.06666666666666687,-0.33333333333333337,-6.53333333333336,-4.133333333333336,-3.333333333333332,-0.19999999999999996,-13.066666666666691,1.333333333333333,6.733333333333334,4.333333333333336,0.7333333333333333,47.133333333333326,-71.53333333333353,-0.6666666666666667,40.60000000000002,-0.5333333333333334,4.0,-6.533333333333333,-0.20588235294117646,0.07284432097446314,1.0
234,Denver Broncos,den,Los Angeles Chargers,sdg,17,-0.06666666666666665,-3.866666666666667,0.06666666666666665,-0.33333333333333337,-68.26666666666668,-6.06666666666667,-4.333333333333336,-0.9333333333333336,-64.13333333333333,-1.9333333333333327,-7.333333333333332,2.200000000000003,-0.19999999999999996,7.066666666666663,107.80000000000018,0.6666666666666665,-61.19999999999999,-0.2666666666666666,-17.333333333333336,4.133333333333335,0.04807692307692313,-0.08381858902575584,0.0
235,Houston Texans,htx,San Francisco 49ers,sfo,17,-0.26666666666666666,-5.7333333333333325,-0.33333333333333326,0.20000000000000007,-52.400000000000006,1.533333333333335,0.46666666666666856,-0.33333333333333326,-45.4666666666667,1.0666666666666664,-8.599999999999998,-3.9333333333333336,-0.8666666666666666,-38.93333333333334,-155.4000000000001,0.6666666666666667,-91.33333333333331,0.0,-3.5333333333333314,6.933333333333334,-0.13450292397660818,0.020034938312042783,0.0
236,Los Angeles Rams,ram,Baltimore Ravens,rav,17,0.19999999999999996,-2.6000000000000014,-0.4666666666666667,-0.06666666666666665,31.599999999999994,-0.46666666666666856,-0.06666666666666643,1.0,27.80000000000001,-1.8666666666666671,4.066666666666666,-5.066666666666666,-0.5333333333333333,-34.599999999999994,-258.66666666666674,-1.5999999999999999,-3.0,-0.19999999999999996,-15.733333333333334,-3.799999999999999,-0.16577540106951882,0.049456937866885986,1.0
237,Detroit Lions,det,Seattle Seahawks,sea,17,-0.19047619047619047,2.3999999999999986,0.06666666666666665,0.33333333333333326,4.0,5.599999999999998,4.199999999999999,-0.3333333333333335,-2.1333333333333258,0.7333333333333334,-3.133333333333333,2.466666666666665,-0.33333333333333337,5.666666666666657,265.4666666666667,-0.5999999999999996,9.666666666666686,0.6,2.4666666666666615,-6.133333333333333,0.19999999999999996,0.0012635601577909439,0.0
238,Minnesota Vikings,min,Green Bay Packers,gnb,17,-0.33333333333333337,-0.9333333333333336,0.2666666666666666,0.13333333333333336,5.333333333333343,1.8000000000000043,0.8666666666666671,-0.2666666666666666,3.933333333333337,2.4000000000000004,0.06666666666666643,1.9333333333333336,0.0,13.0,-118.26666666666665,-0.2666666666666666,18.333333333333314,0.20000000000000007,19.999999999999993,-1.4000000000000004,-0.02046783625731008,-0.05261083743842365,0.0
239,Cleveland Browns,cle,Pittsburgh Steelers,pit,17,-0.033333333333333326,1.2666666666666657,0.06666666666666665,0.1333333333333333,-28.26666666666668,-7.733333333333331,-5.600000000000001,-0.2666666666666666,-26.133333333333354,0.20000000000000018,0.8666666666666671,4.933333333333334,0.6666666666666666,57.26666666666668,106.66666666666652,0.2666666666666666,29.0,0.0,11.666666666666664,2.1333333333333346,-0.004444444444444529,-0.00851816136290584,0.0
